V0_m_s,theta_deg,y0_m,d_m,altura_aro_m,favorable,estado,relacion_geometrica,margen_m,altura_maxima_m,tiempo_vuelo_s
3,15,2.2,4.225,3.05,desfavorable,invalid,exterior,-2.9414,2.231,0.754
3,17,2.2,4.225,3.05,desfavorable,invalid,exterior,-2.9414,2.239,0.765
3,19,2.2,4.225,3.05,desfavorable,invalid,exterior,-2.9414,2.249,0.777
3,21,2.2,4.225,3.05,desfavorable,invalid,exterior,-2.9414,2.259,0.788
3,23,2.2,4.225,3.05,desfavorable,invalid,exterior,-2.9414,2.27,0.8
3,25,2.2,4.225,3.05,desfavorable,invalid,exterior,-2.9414,2.282,0.811
3,27,2.2,4.225,3.05,desfavorable,invalid,exterior,-2.9414,2.295,0.823
3,29,2.2,4.225,3.05,desfavorable,invalid,exterior,-2.9414,2.308,0.834
3,31,2.2,4.225,3.05,desfavorable,invalid,exterior,-2.9414,2.322,0.845
3,33,2.2,4.225,3.05,desfavorable,invalid,exterior,-2.9414,2.336,0.857
3,35,2.2,4.225,3.05,desfavorable,invalid,exterior,-2.9414,2.351,0.868
3,37,2.2,4.225,3.05,desfavorable,invalid,exterior,-2.9414,2.366,0.879
3,39,2.2,4.225,3.05,desfavorable,invalid,exterior,-2.9414,2.382,0.889
3,41,2.2,4.225,3.05,desfavorable,invalid,exterior,-2.9414,2.397,0.9
3,43,2.2,4.225,3.05,desfavorable,invalid,exterior,-2.9414,2.413,0.91
3,45,2.2,4.225,3.05,desfavorable,invalid,exterior,-2.9414,2.429,0.92
3,47,2.2,4.225,3.05,desfavorable,invalid,exterior,-2.9414,2.445,0.93
3,49,2.2,4.225,3.05,desfavorable,invalid,exterior,-2.9414,2.461,0.939
3,51,2.2,4.225,3.05,desfavorable,invalid,exterior,-2.9414,2.477,0.948
3,53,2.2,4.225,3.05,desfavorable,invalid,exterior,-2.9414,2.493,0.957
3,55,2.2,4.225,3.05,desfavorable,invalid,exterior,-2.9414,2.508,0.966
3,57,2.2,4.225,3.05,desfavorable,invalid,exterior,-2.9414,2.523,0.974
3,59,2.2,4.225,3.05,desfavorable,invalid,exterior,-2.9414,2.537,0.981
3,61,2.2,4.225,3.05,desfavorable,invalid,exterior,-2.9414,2.551,0.989
3,63,2.2,4.225,3.05,desfavorable,invalid,exterior,-2.9414,2.564,0.996
3,65,2.2,4.225,3.05,desfavorable,invalid,exterior,-2.9414,2.577,1.002
3,67,2.2,4.225,3.05,desfavorable,invalid,exterior,-2.9414,2.589,1.008
3,69,2.2,4.225,3.05,desfavorable,invalid,exterior,-2.9414,2.6,1.014
3,71,2.2,4.225,3.05,desfavorable,invalid,exterior,-2.9414,2.61,1.019
3,73,2.2,4.225,3.05,desfavorable,invalid,exterior,-2.9414,2.62,1.023
3,75,2.2,4.225,3.05,desfavorable,invalid,exterior,-2.9414,2.628,1.027
3.2,15,2.2,4.225,3.05,desfavorable,invalid,exterior,-2.9414,2.235,0.759
3.2,17,2.2,4.225,3.05,desfavorable,invalid,exterior,-2.9414,2.245,0.772
3.2,19,2.2,4.225,3.05,desfavorable,invalid,exterior,-2.9414,2.255,0.784
3.2,21,2.2,4.225,3.05,desfavorable,invalid,exterior,-2.9414,2.267,0.797
3.2,23,2.2,4.225,3.05,desfavorable,invalid,exterior,-2.9414,2.28,0.809
3.2,25,2.2,4.225,3.05,desfavorable,invalid,exterior,-2.9414,2.293,0.822
3.2,27,2.2,4.225,3.05,desfavorable,invalid,exterior,-2.9414,2.308,0.834
3.2,29,2.2,4.225,3.05,desfavorable,invalid,exterior,-2.9414,2.323,0.846
3.2,31,2.2,4.225,3.05,desfavorable,invalid,exterior,-2.9414,2.338,0.858
3.2,33,2.2,4.225,3.05,desfavorable,invalid,exterior,-2.9414,2.355,0.871
3.2,35,2.2,4.225,3.05,desfavorable,invalid,exterior,-2.9414,2.372,0.882
3.2,37,2.2,4.225,3.05,desfavorable,invalid,exterior,-2.9414,2.389,0.894
3.2,39,2.2,4.225,3.05,desfavorable,invalid,exterior,-2.9414,2.407,0.906
3.2,41,2.2,4.225,3.05,desfavorable,invalid,exterior,-2.9414,2.425,0.917
3.2,43,2.2,4.225,3.05,desfavorable,invalid,exterior,-2.9414,2.443,0.928
3.2,45,2.2,4.225,3.05,desfavorable,invalid,exterior,-2.9414,2.461,0.939
3.2,47,2.2,4.225,3.05,desfavorable,invalid,exterior,-2.9414,2.479,0.95
3.2,49,2.2,4.225,3.05,desfavorable,invalid,exterior,-2.9414,2.497,0.96
3.2,51,2.2,4.225,3.05,desfavorable,invalid,exterior,-2.9414,2.515,0.97
3.2,53,2.2,4.225,3.05,desfavorable,invalid,exterior,-2.9414,2.533,0.979
3.2,55,2.2,4.225,3.05,desfavorable,invalid,exterior,-2.9414,2.55,0.988
3.2,57,2.2,4.225,3.05,desfavorable,invalid,exterior,-2.9414,2.567,0.997
3.2,59,2.2,4.225,3.05,desfavorable,invalid,exterior,-2.9414,2.583,1.005
3.2,61,2.2,4.225,3.05,desfavorable,invalid,exterior,-2.9414,2.599,1.013
3.2,63,2.2,4.225,3.05,desfavorable,invalid,exterior,-2.9414,2.614,1.021
3.2,65,2.2,4.225,3.05,desfavorable,invalid,exterior,-2.9414,2.629,1.028
3.2,67,2.2,4.225,3.05,desfavorable,invalid,exterior,-2.9414,2.642,1.034
3.2,69,2.2,4.225,3.05,desfavorable,invalid,exterior,-2.9414,2.655,1.04
3.2,71,2.2,4.225,3.05,desfavorable,invalid,exterior,-2.9414,2.667,1.046
3.2,73,2.2,4.225,3.05,desfavorable,invalid,exterior,-2.9414,2.677,1.051
3.2,75,2.2,4.225,3.05,desfavorable,invalid,exterior,-2.9414,2.687,1.055
3.4,15,2.2,4.225,3.05,desfavorable,invalid,exterior,-2.9414,2.239,0.765
3.4,17,2.2,4.225,3.05,desfavorable,invalid,exterior,-2.9414,2.25,0.779
3.4,19,2.2,4.225,3.05,desfavorable,invalid,exterior,-2.9414,2.262,0.792
3.4,21,2.2,4.225,3.05,desfavorable,invalid,exterior,-2.9414,2.276,0.805
3.4,23,2.2,4.225,3.05,desfavorable,invalid,exterior,-2.9414,2.29,0.819
3.4,25,2.2,4.225,3.05,desfavorable,invalid,exterior,-2.9414,2.305,0.832
3.4,27,2.2,4.225,3.05,desfavorable,invalid,exterior,-2.9414,2.321,0.845
3.4,29,2.2,4.225,3.05,desfavorable,invalid,exterior,-2.9414,2.338,0.859
3.4,31,2.2,4.225,3.05,desfavorable,invalid,exterior,-2.9414,2.356,0.872
3.4,33,2.2,4.225,3.05,desfavorable,invalid,exterior,-2.9414,2.375,0.885
3.4,35,2.2,4.225,3.05,desfavorable,invalid,exterior,-2.9414,2.394,0.897
3.4,37,2.2,4.225,3.05,desfavorable,invalid,exterior,-2.9414,2.413,0.91
3.4,39,2.2,4.225,3.05,desfavorable,invalid,exterior,-2.9414,2.433,0.922
3.4,41,2.2,4.225,3.05,desfavorable,invalid,exterior,-2.9414,2.454,0.935
3.4,43,2.2,4.225,3.05,desfavorable,invalid,exterior,-2.9414,2.474,0.947
3.4,45,2.2,4.225,3.05,desfavorable,invalid,exterior,-2.9414,2.495,0.958
3.4,47,2.2,4.225,3.05,desfavorable,invalid,exterior,-2.9414,2.515,0.97
3.4,49,2.2,4.225,3.05,desfavorable,invalid,exterior,-2.9414,2.536,0.981
3.4,51,2.2,4.225,3.05,desfavorable,invalid,exterior,-2.9414,2.556,0.991
3.4,53,2.2,4.225,3.05,desfavorable,invalid,exterior,-2.9414,2.576,1.001
3.4,55,2.2,4.225,3.05,desfavorable,invalid,exterior,-2.9414,2.595,1.011
3.4,57,2.2,4.225,3.05,desfavorable,invalid,exterior,-2.9414,2.614,1.021
3.4,59,2.2,4.225,3.05,desfavorable,invalid,exterior,-2.9414,2.633,1.03
3.4,61,2.2,4.225,3.05,desfavorable,invalid,exterior,-2.9414,2.651,1.038
3.4,63,2.2,4.225,3.05,desfavorable,invalid,exterior,-2.9414,2.668,1.046
3.4,65,2.2,4.225,3.05,desfavorable,invalid,exterior,-2.9414,2.684,1.054
3.4,67,2.2,4.225,3.05,desfavorable,invalid,exterior,-2.9414,2.699,1.061
3.4,69,2.2,4.225,3.05,desfavorable,invalid,exterior,-2.9414,2.714,1.067
3.4,71,2.2,4.225,3.05,desfavorable,invalid,exterior,-2.9414,2.727,1.073
3.4,73,2.2,4.225,3.05,desfavorable,invalid,exterior,-2.9414,2.739,1.079
3.4,75,2.2,4.225,3.05,desfavorable,invalid,exterior,-2.9414,2.75,1.084
3.6,15,2.2,4.225,3.05,desfavorable,invalid,exterior,-2.9414,2.244,0.771
3.6,17,2.2,4.225,3.05,desfavorable,invalid,exterior,-2.9414,2.256,0.786
3.6,19,2.2,4.225,3.05,desfavorable,invalid,exterior,-2.9414,2.27,0.8
3.6,21,2.2,4.225,3.05,desfavorable,invalid,exterior,-2.9414,2.285,0.814
3.6,23,2.2,4.225,3.05,desfavorable,invalid,exterior,-2.9414,2.301,0.828
3.6,25,2.2,4.225,3.05,desfavorable,invalid,exterior,-2.9414,2.318,0.843
3.6,27,2.2,4.225,3.05,desfavorable,invalid,exterior,-2.9414,2.336,0.857
3.6,29,2.2,4.225,3.05,desfavorable,invalid,exterior,-2.9414,2.355,0.871
3.6,31,2.2,4.225,3.05,desfavorable,invalid,exterior,-2.9414,2.375,0.885
3.6,33,2.2,4.225,3.05,desfavorable,invalid,exterior,-2.9414,2.396,0.899
3.6,35,2.2,4.225,3.05,desfavorable,invalid,exterior,-2.9414,2.417,0.913
3.6,37,2.2,4.225,3.05,desfavorable,invalid,exterior,-2.9414,2.439,0.926
3.6,39,2.2,4.225,3.05,desfavorable,invalid,exterior,-2.9414,2.462,0.939
3.6,41,2.2,4.225,3.05,desfavorable,invalid,exterior,-2.9414,2.484,0.952
3.6,43,2.2,4.225,3.05,desfavorable,invalid,exterior,-2.9414,2.507,0.965
3.6,45,2.2,4.225,3.05,desfavorable,invalid,exterior,-2.9414,2.53,0.978
3.6,47,2.2,4.225,3.05,desfavorable,invalid,exterior,-2.9414,2.553,0.99
3.6,49,2.2,4.225,3.05,desfavorable,invalid,exterior,-2.9414,2.576,1.002
3.6,51,2.2,4.225,3.05,desfavorable,invalid,exterior,-2.9414,2.599,1.013
3.6,53,2.2,4.225,3.05,desfavorable,invalid,exterior,-2.9414,2.621,1.024
3.6,55,2.2,4.225,3.05,desfavorable,invalid,exterior,-2.9414,2.643,1.035
3.6,57,2.2,4.225,3.05,desfavorable,invalid,exterior,-2.9414,2.665,1.045
3.6,59,2.2,4.225,3.05,desfavorable,invalid,exterior,-2.9414,2.685,1.054
3.6,61,2.2,4.225,3.05,desfavorable,invalid,exterior,-2.9414,2.705,1.064
3.6,63,2.2,4.225,3.05,desfavorable,invalid,exterior,-2.9414,2.724,1.072
3.6,65,2.2,4.225,3.05,desfavorable,invalid,exterior,-2.9414,2.743,1.08
3.6,67,2.2,4.225,3.05,desfavorable,invalid,exterior,-2.9414,2.76,1.088
3.6,69,2.2,4.225,3.05,desfavorable,invalid,exterior,-2.9414,2.776,1.095
3.6,71,2.2,4.225,3.05,desfavorable,invalid,exterior,-2.9414,2.791,1.101
3.6,73,2.2,4.225,3.05,desfavorable,invalid,exterior,-2.9414,2.804,1.107
3.6,75,2.2,4.225,3.05,desfavorable,invalid,exterior,-2.9414,2.816,1.112
3.8,15,2.2,4.225,3.05,desfavorable,invalid,exterior,-2.9414,2.249,0.777
3.8,17,2.2,4.225,3.05,desfavorable,invalid,exterior,-2.9414,2.263,0.792
3.8,19,2.2,4.225,3.05,desfavorable,invalid,exterior,-2.9414,2.278,0.808
3.8,21,2.2,4.225,3.05,desfavorable,invalid,exterior,-2.9414,2.295,0.823
3.8,23,2.2,4.225,3.05,desfavorable,invalid,exterior,-2.9414,2.312,0.838
3.8,25,2.2,4.225,3.05,desfavorable,invalid,exterior,-2.9414,2.331,0.853
3.8,27,2.2,4.225,3.05,desfavorable,invalid,exterior,-2.9414,2.352,0.868
3.8,29,2.2,4.225,3.05,desfavorable,invalid,exterior,-2.9414,2.373,0.883
3.8,31,2.2,4.225,3.05,desfavorable,invalid,exterior,-2.9414,2.395,0.898
3.8,33,2.2,4.225,3.05,desfavorable,invalid,exterior,-2.9414,2.418,0.913
3.8,35,2.2,4.225,3.05,desfavorable,invalid,exterior,-2.9414,2.442,0.928
3.8,37,2.2,4.225,3.05,desfavorable,invalid,exterior,-2.9414,2.467,0.942
3.8,39,2.2,4.225,3.05,desfavorable,invalid,exterior,-2.9414,2.491,0.956
3.8,41,2.2,4.225,3.05,desfavorable,invalid,exterior,-2.9414,2.517,0.97
3.8,43,2.2,4.225,3.05,desfavorable,invalid,exterior,-2.9414,2.542,0.984
3.8,45,2.2,4.225,3.05,desfavorable,invalid,exterior,-2.9414,2.568,0.997
3.8,47,2.2,4.225,3.05,desfavorable,invalid,exterior,-2.9414,2.594,1.01
3.8,49,2.2,4.225,3.05,desfavorable,invalid,exterior,-2.9414,2.619,1.023
3.8,51,2.2,4.225,3.05,desfavorable,invalid,exterior,-2.9414,2.645,1.035
3.8,53,2.2,4.225,3.05,desfavorable,invalid,exterior,-2.9414,2.669,1.047
3.8,55,2.2,4.225,3.05,desfavorable,invalid,exterior,-2.9414,2.694,1.058
3.8,57,2.2,4.225,3.05,desfavorable,invalid,exterior,-2.9414,2.718,1.069
3.8,59,2.2,4.225,3.05,desfavorable,invalid,exterior,-2.9414,2.741,1.08
3.8,61,2.2,4.225,3.05,desfavorable,invalid,exterior,-2.9414,2.763,1.089
3.8,63,2.2,4.225,3.05,desfavorable,invalid,exterior,-2.9414,2.784,1.099
3.8,65,2.2,4.225,3.05,desfavorable,invalid,exterior,-2.9414,2.805,1.107
3.8,67,2.2,4.225,3.05,desfavorable,invalid,exterior,-2.9414,2.824,1.115
3.8,69,2.2,4.225,3.05,desfavorable,invalid,exterior,-2.9414,2.841,1.123
3.8,71,2.2,4.225,3.05,desfavorable,invalid,exterior,-2.9414,2.858,1.13
3.8,73,2.2,4.225,3.05,desfavorable,invalid,exterior,-2.9414,2.873,1.136
3.8,75,2.2,4.225,3.05,desfavorable,invalid,exterior,-2.9414,2.887,1.141
4,15,2.2,4.225,3.05,desfavorable,invalid,exterior,-2.9414,2.255,0.784
4,17,2.2,4.225,3.05,desfavorable,invalid,exterior,-2.9414,2.27,0.799
4,19,2.2,4.225,3.05,desfavorable,invalid,exterior,-2.9414,2.286,0.815
4,21,2.2,4.225,3.05,desfavorable,invalid,exterior,-2.9414,2.305,0.832
4,23,2.2,4.225,3.05,desfavorable,invalid,exterior,-2.9414,2.325,0.848
4,25,2.2,4.225,3.05,desfavorable,invalid,exterior,-2.9414,2.346,0.864
4,27,2.2,4.225,3.05,desfavorable,invalid,exterior,-2.9414,2.368,0.88
4,29,2.2,4.225,3.05,desfavorable,invalid,exterior,-2.9414,2.392,0.896
4,31,2.2,4.225,3.05,desfavorable,invalid,exterior,-2.9414,2.416,0.912
4,33,2.2,4.225,3.05,desfavorable,invalid,exterior,-2.9414,2.442,0.928
4,35,2.2,4.225,3.05,desfavorable,invalid,exterior,-2.9414,2.468,0.943
4,37,2.2,4.225,3.05,desfavorable,invalid,exterior,-2.9414,2.495,0.959
4,39,2.2,4.225,3.05,desfavorable,invalid,exterior,-2.9414,2.523,0.974
4,41,2.2,4.225,3.05,desfavorable,invalid,exterior,-2.9414,2.551,0.989
4,43,2.2,4.225,3.05,desfavorable,invalid,exterior,-2.9414,2.579,1.003
4,45,2.2,4.225,3.05,desfavorable,invalid,exterior,-2.9414,2.608,1.017
4,47,2.2,4.225,3.05,desfavorable,invalid,exterior,-2.9414,2.636,1.031
4,49,2.2,4.225,3.05,desfavorable,invalid,exterior,-2.9414,2.664,1.045
4,51,2.2,4.225,3.05,desfavorable,invalid,exterior,-2.9414,2.693,1.058
4,53,2.2,4.225,3.05,desfavorable,invalid,exterior,-2.9414,2.72,1.07
4,55,2.2,4.225,3.05,desfavorable,invalid,exterior,-2.9414,2.747,1.082
4,57,2.2,4.225,3.05,desfavorable,invalid,exterior,-2.9414,2.774,1.094
4,59,2.2,4.225,3.05,desfavorable,invalid,exterior,-2.9414,2.799,1.105
4,61,2.2,4.225,3.05,desfavorable,invalid,exterior,-2.9414,2.824,1.115
4,63,2.2,4.225,3.05,desfavorable,invalid,exterior,-2.9414,2.847,1.125
4,65,2.2,4.225,3.05,desfavorable,invalid,exterior,-2.9414,2.87,1.134
4,67,2.2,4.225,3.05,desfavorable,invalid,exterior,-2.9414,2.891,1.143
4,69,2.2,4.225,3.05,desfavorable,invalid,exterior,-2.9414,2.911,1.151
4,71,2.2,4.225,3.05,desfavorable,invalid,exterior,-2.9414,2.929,1.158
4,73,2.2,4.225,3.05,desfavorable,invalid,exterior,-2.9414,2.946,1.165
4,75,2.2,4.225,3.05,desfavorable,invalid,exterior,-2.9414,2.961,1.171
4.2,15,2.2,4.225,3.05,desfavorable,invalid,exterior,-2.9414,2.26,0.79
4.2,17,2.2,4.225,3.05,desfavorable,invalid,exterior,-2.9414,2.277,0.806
4.2,19,2.2,4.225,3.05,desfavorable,invalid,exterior,-2.9414,2.295,0.823
4.2,21,2.2,4.225,3.05,desfavorable,invalid,exterior,-2.9414,2.315,0.84
4.2,23,2.2,4.225,3.05,desfavorable,invalid,exterior,-2.9414,2.337,0.858
4.2,25,2.2,4.225,3.05,desfavorable,invalid,exterior,-2.9414,2.361,0.875
4.2,27,2.2,4.225,3.05,desfavorable,invalid,exterior,-2.9414,2.385,0.892
4.2,29,2.2,4.225,3.05,desfavorable,invalid,exterior,-2.9414,2.411,0.909
4.2,31,2.2,4.225,3.05,desfavorable,invalid,exterior,-2.9414,2.438,0.926
4.2,33,2.2,4.225,3.05,desfavorable,invalid,exterior,-2.9414,2.467,0.942
4.2,35,2.2,4.225,3.05,desfavorable,invalid,exterior,-2.9414,2.496,0.959
4.2,37,2.2,4.225,3.05,desfavorable,invalid,exterior,-2.9414,2.526,0.975
4.2,39,2.2,4.225,3.05,desfavorable,invalid,exterior,-2.9414,2.556,0.991
4.2,41,2.2,4.225,3.05,desfavorable,invalid,exterior,-2.9414,2.587,1.007
4.2,43,2.2,4.225,3.05,desfavorable,invalid,exterior,-2.9414,2.618,1.023
4.2,45,2.2,4.225,3.05,desfavorable,invalid,exterior,-2.9414,2.65,1.038
4.2,47,2.2,4.225,3.05,desfavorable,invalid,exterior,-2.9414,2.681,1.052
4.2,49,2.2,4.225,3.05,desfavorable,invalid,exterior,-2.9414,2.712,1.067
4.2,51,2.2,4.225,3.05,desfavorable,invalid,exterior,-2.9414,2.743,1.081
4.2,53,2.2,4.225,3.05,desfavorable,invalid,exterior,-2.9414,2.773,1.094
4.2,55,2.2,4.225,3.05,desfavorable,invalid,exterior,-2.9414,2.803,1.107
4.2,57,2.2,4.225,3.05,desfavorable,invalid,exterior,-2.9414,2.832,1.119
4.2,59,2.2,4.225,3.05,desfavorable,invalid,exterior,-2.9414,2.861,1.131
4.2,61,2.2,4.225,3.05,desfavorable,invalid,exterior,-2.9414,2.888,1.142
4.2,63,2.2,4.225,3.05,desfavorable,invalid,exterior,-2.9414,2.914,1.152
4.2,65,2.2,4.225,3.05,desfavorable,invalid,exterior,-2.9414,2.939,1.162
4.2,67,2.2,4.225,3.05,desfavorable,invalid,exterior,-2.9414,2.962,1.171
4.2,69,2.2,4.225,3.05,desfavorable,invalid,exterior,-2.9414,2.984,1.18
4.2,71,2.2,4.225,3.05,desfavorable,invalid,exterior,-2.9414,3.004,1.187
4.2,73,2.2,4.225,3.05,desfavorable,invalid,exterior,-2.9414,3.022,1.194
4.2,75,2.2,4.225,3.05,desfavorable,invalid,exterior,-2.9414,3.039,1.201
4.4,15,2.2,4.225,3.05,desfavorable,invalid,exterior,-2.9414,2.266,0.796
4.4,17,2.2,4.225,3.05,desfavorable,invalid,exterior,-2.9414,2.284,0.814
4.4,19,2.2,4.225,3.05,desfavorable,invalid,exterior,-2.9414,2.305,0.831
4.4,21,2.2,4.225,3.05,desfavorable,invalid,exterior,-2.9414,2.327,0.849
4.4,23,2.2,4.225,3.05,desfavorable,invalid,exterior,-2.9414,2.351,0.868
4.4,25,2.2,4.225,3.05,desfavorable,invalid,exterior,-2.9414,2.376,0.886
4.4,27,2.2,4.225,3.05,desfavorable,invalid,exterior,-2.9414,2.403,0.904
4.4,29,2.2,4.225,3.05,desfavorable,invalid,exterior,-2.9414,2.432,0.922
4.4,31,2.2,4.225,3.05,desfavorable,invalid,exterior,-2.9414,2.462,0.939
4.4,33,2.2,4.225,3.05,desfavorable,invalid,exterior,-2.9414,2.493,0.957
4.4,35,2.2,4.225,3.05,desfavorable,invalid,exterior,-2.9414,2.525,0.975
4.4,37,2.2,4.225,3.05,desfavorable,invalid,exterior,-2.9414,2.557,0.992
4.4,39,2.2,4.225,3.05,desfavorable,invalid,exterior,-2.9414,2.591,1.009
4.4,41,2.2,4.225,3.05,desfavorable,invalid,exterior,-2.9414,2.625,1.026
4.4,43,2.2,4.225,3.05,desfavorable,invalid,exterior,-2.9414,2.659,1.042
4.4,45,2.2,4.225,3.05,desfavorable,invalid,exterior,-2.9414,2.693,1.058
4.4,47,2.2,4.225,3.05,desfavorable,invalid,exterior,-2.9414,2.728,1.074
4.4,49,2.2,4.225,3.05,desfavorable,invalid,exterior,-2.9414,2.762,1.089
4.4,51,2.2,4.225,3.05,desfavorable,invalid,exterior,-2.9414,2.796,1.104
4.4,53,2.2,4.225,3.05,desfavorable,invalid,exterior,-2.9414,2.829,1.118
4.4,55,2.2,4.225,3.05,desfavorable,invalid,exterior,-2.9414,2.862,1.131
4.4,57,2.2,4.225,3.05,desfavorable,invalid,exterior,-2.9414,2.894,1.144
4.4,59,2.2,4.225,3.05,desfavorable,invalid,exterior,-2.9414,2.925,1.157
4.4,61,2.2,4.225,3.05,desfavorable,invalid,exterior,-2.9414,2.955,1.168
4.4,63,2.2,4.225,3.05,desfavorable,invalid,exterior,-2.9414,2.983,1.18
4.4,65,2.2,4.225,3.05,desfavorable,invalid,exterior,-2.9414,3.011,1.19
4.4,67,2.2,4.225,3.05,desfavorable,invalid,exterior,-2.9414,3.036,1.2
4.4,69,2.2,4.225,3.05,desfavorable,invalid,exterior,-2.9414,3.06,1.209
4.4,71,2.2,4.225,3.05,desfavorable,invalid,exterior,-2.9414,3.082,1.217
4.4,73,2.2,4.225,3.05,desfavorable,invalid,exterior,-2.9414,3.102,1.224
4.4,75,2.2,4.225,3.05,desfavorable,invalid,exterior,-2.9414,3.121,1.231
4.6,15,2.2,4.225,3.05,desfavorable,invalid,exterior,-2.9414,2.272,0.802
4.6,17,2.2,4.225,3.05,desfavorable,invalid,exterior,-2.9414,2.292,0.821
4.6,19,2.2,4.225,3.05,desfavorable,invalid,exterior,-2.9414,2.314,0.84
4.6,21,2.2,4.225,3.05,desfavorable,invalid,exterior,-2.9414,2.339,0.859
4.6,23,2.2,4.225,3.05,desfavorable,invalid,exterior,-2.9414,2.365,0.878
4.6,25,2.2,4.225,3.05,desfavorable,invalid,exterior,-2.9414,2.393,0.897
4.6,27,2.2,4.225,3.05,desfavorable,invalid,exterior,-2.9414,2.422,0.916
4.6,29,2.2,4.225,3.05,desfavorable,invalid,exterior,-2.9414,2.453,0.935
4.6,31,2.2,4.225,3.05,desfavorable,invalid,exterior,-2.9414,2.486,0.953
4.6,33,2.2,4.225,3.05,desfavorable,invalid,exterior,-2.9414,2.52,0.972
4.6,35,2.2,4.225,3.05,desfavorable,invalid,exterior,-2.9414,2.555,0.991
4.6,37,2.2,4.225,3.05,desfavorable,invalid,exterior,-2.9414,2.591,1.009
4.6,39,2.2,4.225,3.05,desfavorable,invalid,exterior,-2.9414,2.627,1.027
4.6,41,2.2,4.225,3.05,desfavorable,invalid,exterior,-2.9414,2.664,1.045
4.6,43,2.2,4.225,3.05,desfavorable,invalid,exterior,-2.9414,2.702,1.062
4.6,45,2.2,4.225,3.05,desfavorable,invalid,exterior,-2.9414,2.739,1.079
4.6,47,2.2,4.225,3.05,desfavorable,invalid,exterior,-2.9414,2.777,1.095
4.6,49,2.2,4.225,3.05,desfavorable,invalid,exterior,-2.9414,2.814,1.111
4.6,51,2.2,4.225,3.05,desfavorable,invalid,exterior,-2.9414,2.851,1.127
4.6,53,2.2,4.225,3.05,desfavorable,invalid,exterior,-2.9414,2.888,1.142
4.6,55,2.2,4.225,3.05,desfavorable,invalid,exterior,-2.9414,2.924,1.156
4.6,57,2.2,4.225,3.05,desfavorable,invalid,exterior,-2.9414,2.959,1.17
4.6,59,2.2,4.225,3.05,desfavorable,invalid,exterior,-2.9414,2.992,1.183
4.6,61,2.2,4.225,3.05,desfavorable,invalid,exterior,-2.9414,3.025,1.195
4.6,63,2.2,4.225,3.05,desfavorable,invalid,exterior,-2.9414,3.056,1.207
4.6,65,2.2,4.225,3.05,desfavorable,invalid,exterior,-2.9414,3.086,1.218
4.6,67,2.2,4.225,3.05,desfavorable,invalid,exterior,-2.9414,3.114,1.228
4.6,69,2.2,4.225,3.05,desfavorable,invalid,exterior,-2.9414,3.14,1.238
4.6,71,2.2,4.225,3.05,desfavorable,invalid,exterior,-2.9414,3.164,1.247
4.6,73,2.2,4.225,3.05,desfavorable,invalid,exterior,-2.9414,3.186,1.254
4.6,75,2.2,4.225,3.05,desfavorable,invalid,exterior,-2.9414,3.206,1.261
4.8,15,2.2,4.225,3.05,desfavorable,invalid,exterior,-2.9414,2.279,0.808
4.8,17,2.2,4.225,3.05,desfavorable,invalid,exterior,-2.9414,2.3,0.828
4.8,19,2.2,4.225,3.05,desfavorable,invalid,exterior,-2.9414,2.324,0.848
4.8,21,2.2,4.225,3.05,desfavorable,invalid,exterior,-2.9414,2.351,0.868
4.8,23,2.2,4.225,3.05,desfavorable,invalid,exterior,-2.9414,2.379,0.888
4.8,25,2.2,4.225,3.05,desfavorable,invalid,exterior,-2.9414,2.41,0.908
4.8,27,2.2,4.225,3.05,desfavorable,invalid,exterior,-2.9414,2.442,0.928
4.8,29,2.2,4.225,3.05,desfavorable,invalid,exterior,-2.9414,2.476,0.948
4.8,31,2.2,4.225,3.05,desfavorable,invalid,exterior,-2.9414,2.512,0.968
4.8,33,2.2,4.225,3.05,desfavorable,invalid,exterior,-2.9414,2.548,0.987
4.8,35,2.2,4.225,3.05,desfavorable,invalid,exterior,-2.9414,2.586,1.007
4.8,37,2.2,4.225,3.05,desfavorable,invalid,exterior,-2.9414,2.625,1.026
4.8,39,2.2,4.225,3.05,desfavorable,invalid,exterior,-2.9414,2.665,1.045
4.8,41,2.2,4.225,3.05,desfavorable,invalid,exterior,-2.9414,2.705,1.064
4.8,43,2.2,4.225,3.05,desfavorable,invalid,exterior,-2.9414,2.746,1.082
4.8,45,2.2,4.225,3.05,desfavorable,invalid,exterior,-2.9414,2.787,1.1
4.8,47,2.2,4.225,3.05,desfavorable,invalid,exterior,-2.9414,2.828,1.117
4.8,49,2.2,4.225,3.05,desfavorable,invalid,exterior,-2.9414,2.869,1.134
4.8,51,2.2,4.225,3.05,desfavorable,invalid,exterior,-2.9414,2.909,1.15
4.8,53,2.2,4.225,3.05,desfavorable,invalid,exterior,-2.9414,2.949,1.166
4.8,55,2.2,4.225,3.05,desfavorable,invalid,exterior,-2.9414,2.988,1.181
4.8,57,2.2,4.225,3.05,desfavorable,invalid,exterior,-2.9414,3.026,1.196
4.8,59,2.2,4.225,3.05,desfavorable,invalid,exterior,-2.9414,3.063,1.21
4.8,61,2.2,4.225,3.05,desfavorable,invalid,exterior,-2.9414,3.098,1.223
4.8,63,2.2,4.225,3.05,desfavorable,invalid,exterior,-2.9414,3.132,1.235
4.8,65,2.2,4.225,3.05,desfavorable,invalid,exterior,-2.9414,3.165,1.247
4.8,67,2.2,4.225,3.05,desfavorable,invalid,exterior,-2.9414,3.195,1.257
4.8,69,2.2,4.225,3.05,desfavorable,invalid,exterior,-2.9414,3.223,1.267
4.8,71,2.2,4.225,3.05,desfavorable,invalid,exterior,-2.9414,3.25,1.277
4.8,73,2.2,4.225,3.05,desfavorable,invalid,exterior,-2.9414,3.274,1.285
4.8,75,2.2,4.225,3.05,desfavorable,invalid,exterior,-2.9414,3.296,1.292
5,15,2.2,4.225,3.05,desfavorable,invalid,exterior,-2.9414,2.285,0.815
5,17,2.2,4.225,3.05,desfavorable,invalid,exterior,-2.9414,2.309,0.835
5,19,2.2,4.225,3.05,desfavorable,invalid,exterior,-2.9414,2.335,0.856
5,21,2.2,4.225,3.05,desfavorable,invalid,exterior,-2.9414,2.364,0.877
5,23,2.2,4.225,3.05,desfavorable,invalid,exterior,-2.9414,2.395,0.898
5,25,2.2,4.225,3.05,desfavorable,invalid,exterior,-2.9414,2.428,0.919
5,27,2.2,4.225,3.05,desfavorable,invalid,exterior,-2.9414,2.463,0.94
5,29,2.2,4.225,3.05,desfavorable,invalid,exterior,-2.9414,2.499,0.961
5,31,2.2,4.225,3.05,desfavorable,invalid,exterior,-2.9414,2.538,0.982
5,33,2.2,4.225,3.05,desfavorable,invalid,exterior,-2.9414,2.578,1.003
5,35,2.2,4.225,3.05,desfavorable,invalid,exterior,-2.9414,2.619,1.023
5,37,2.2,4.225,3.05,desfavorable,invalid,exterior,-2.9414,2.661,1.043
5,39,2.2,4.225,3.05,desfavorable,invalid,exterior,-2.9414,2.705,1.063
5,41,2.2,4.225,3.05,desfavorable,invalid,exterior,-2.9414,2.748,1.083
5,43,2.2,4.225,3.05,desfavorable,invalid,exterior,-2.9414,2.793,1.102
5,45,2.2,4.225,3.05,desfavorable,invalid,exterior,-2.9414,2.837,1.121
5,47,2.2,4.225,3.05,desfavorable,invalid,exterior,-2.9414,2.882,1.139
5,49,2.2,4.225,3.05,desfavorable,invalid,exterior,-2.9414,2.926,1.157
5,51,2.2,4.225,3.05,desfavorable,invalid,exterior,-2.9414,2.97,1.174
5,53,2.2,4.225,3.05,desfavorable,invalid,exterior,-2.9414,3.013,1.191
5,55,2.2,4.225,3.05,desfavorable,invalid,exterior,-2.9414,3.055,1.207
5,57,2.2,4.225,3.05,desfavorable,invalid,exterior,-2.9414,3.096,1.222
5,59,2.2,4.225,3.05,desfavorable,invalid,exterior,-2.9414,3.136,1.237
5,61,2.2,4.225,3.05,desfavorable,invalid,exterior,-2.9414,3.175,1.25
5,63,2.2,4.225,3.05,desfavorable,invalid,exterior,-2.9414,3.212,1.263
5,65,2.2,4.225,3.05,desfavorable,invalid,exterior,-2.9414,3.247,1.276
5,67,2.2,4.225,3.05,desfavorable,invalid,exterior,-2.9414,3.28,1.287
5,69,2.2,4.225,3.05,desfavorable,invalid,exterior,-2.9414,3.311,1.297
5,71,2.2,4.225,3.05,desfavorable,invalid,exterior,-2.9414,3.339,1.307
5,73,2.2,4.225,3.05,desfavorable,invalid,exterior,-2.9414,3.365,1.316
5,75,2.2,4.225,3.05,desfavorable,invalid,exterior,-2.9414,3.389,1.324
5.2,15,2.2,4.225,3.05,desfavorable,invalid,exterior,-2.9414,2.292,0.821
5.2,17,2.2,4.225,3.05,desfavorable,invalid,exterior,-2.9414,2.318,0.842
5.2,19,2.2,4.225,3.05,desfavorable,invalid,exterior,-2.9086,2.346,0.864
5.2,21,2.2,4.225,3.05,desfavorable,invalid,exterior,-2.8348,2.377,0.886
5.2,23,2.2,4.225,3.05,desfavorable,invalid,exterior,-2.7695,2.41,0.908
5.2,25,2.2,4.225,3.05,desfavorable,invalid,exterior,-2.7134,2.446,0.93
5.2,27,2.2,4.225,3.05,desfavorable,invalid,exterior,-2.6674,2.484,0.952
5.2,29,2.2,4.225,3.05,desfavorable,invalid,exterior,-2.6324,2.524,0.974
5.2,31,2.2,4.225,3.05,desfavorable,invalid,exterior,-2.6099,2.566,0.996
5.2,33,2.2,4.225,3.05,desfavorable,invalid,exterior,-2.6013,2.609,1.018
5.2,35,2.2,4.225,3.05,desfavorable,invalid,exterior,-2.6087,2.653,1.04
5.2,37,2.2,4.225,3.05,desfavorable,invalid,exterior,-2.6344,2.699,1.061
5.2,39,2.2,4.225,3.05,desfavorable,invalid,exterior,-2.6815,2.746,1.082
5.2,41,2.2,4.225,3.05,desfavorable,invalid,exterior,-2.7536,2.793,1.102
5.2,43,2.2,4.225,3.05,desfavorable,invalid,exterior,-2.8554,2.841,1.123
5.2,45,2.2,4.225,3.05,desfavorable,invalid,exterior,-2.9414,2.889,1.142
5.2,47,2.2,4.225,3.05,desfavorable,invalid,exterior,-2.9414,2.937,1.161
5.2,49,2.2,4.225,3.05,desfavorable,invalid,exterior,-2.9414,2.985,1.18
5.2,51,2.2,4.225,3.05,desfavorable,invalid,exterior,-2.9414,3.032,1.198
5.2,53,2.2,4.225,3.05,desfavorable,invalid,exterior,-2.9414,3.079,1.216
5.2,55,2.2,4.225,3.05,desfavorable,invalid,exterior,-2.9414,3.125,1.232
5.2,57,2.2,4.225,3.05,desfavorable,invalid,exterior,-2.9414,3.169,1.248
5.2,59,2.2,4.225,3.05,desfavorable,invalid,exterior,-2.9414,3.213,1.264
5.2,61,2.2,4.225,3.05,desfavorable,invalid,exterior,-2.9414,3.254,1.278
5.2,63,2.2,4.225,3.05,desfavorable,invalid,exterior,-2.9414,3.294,1.292
5.2,65,2.2,4.225,3.05,desfavorable,invalid,exterior,-2.9414,3.332,1.305
5.2,67,2.2,4.225,3.05,desfavorable,invalid,exterior,-2.9414,3.368,1.317
5.2,69,2.2,4.225,3.05,desfavorable,invalid,exterior,-2.9414,3.401,1.328
5.2,71,2.2,4.225,3.05,desfavorable,invalid,exterior,-2.9414,3.432,1.338
5.2,73,2.2,4.225,3.05,desfavorable,invalid,exterior,-2.9414,3.46,1.347
5.2,75,2.2,4.225,3.05,desfavorable,invalid,exterior,-2.9414,3.486,1.355
5.4,15,2.2,4.225,3.05,desfavorable,invalid,exterior,-2.8275,2.3,0.827
5.4,17,2.2,4.225,3.05,desfavorable,invalid,exterior,-2.733,2.327,0.85
5.4,19,2.2,4.225,3.05,desfavorable,invalid,exterior,-2.6453,2.358,0.872
5.4,21,2.2,4.225,3.05,desfavorable,invalid,exterior,-2.5647,2.391,0.895
5.4,23,2.2,4.225,3.05,desfavorable,invalid,exterior,-2.4917,2.427,0.918
5.4,25,2.2,4.225,3.05,desfavorable,invalid,exterior,-2.4268,2.465,0.942
5.4,27,2.2,4.225,3.05,desfavorable,invalid,exterior,-2.3708,2.506,0.965
5.4,29,2.2,4.225,3.05,desfavorable,invalid,exterior,-2.3247,2.549,0.988
5.4,31,2.2,4.225,3.05,desfavorable,invalid,exterior,-2.2895,2.594,1.011
5.4,33,2.2,4.225,3.05,desfavorable,invalid,exterior,-2.2666,2.641,1.034
5.4,35,2.2,4.225,3.05,desfavorable,invalid,exterior,-2.2578,2.689,1.056
5.4,37,2.2,4.225,3.05,desfavorable,invalid,exterior,-2.2653,2.738,1.078
5.4,39,2.2,4.225,3.05,desfavorable,invalid,exterior,-2.2917,2.789,1.1
5.4,41,2.2,4.225,3.05,desfavorable,invalid,exterior,-2.3403,2.84,1.122
5.4,43,2.2,4.225,3.05,desfavorable,invalid,exterior,-2.4152,2.891,1.143
5.4,45,2.2,4.225,3.05,desfavorable,invalid,exterior,-2.5217,2.943,1.164
5.4,47,2.2,4.225,3.05,desfavorable,invalid,exterior,-2.6663,2.995,1.184
5.4,49,2.2,4.225,3.05,desfavorable,invalid,exterior,-2.8573,3.047,1.204
5.4,51,2.2,4.225,3.05,desfavorable,invalid,exterior,-2.9414,3.098,1.222
5.4,53,2.2,4.225,3.05,desfavorable,invalid,exterior,-2.9414,3.148,1.241
5.4,55,2.2,4.225,3.05,desfavorable,invalid,exterior,-2.9414,3.197,1.258
5.4,57,2.2,4.225,3.05,desfavorable,invalid,exterior,-2.9414,3.245,1.275
5.4,59,2.2,4.225,3.05,desfavorable,invalid,exterior,-2.9414,3.292,1.291
5.4,61,2.2,4.225,3.05,desfavorable,invalid,exterior,-2.9414,3.337,1.306
5.4,63,2.2,4.225,3.05,desfavorable,invalid,exterior,-2.9414,3.38,1.321
5.4,65,2.2,4.225,3.05,desfavorable,invalid,exterior,-2.9414,3.421,1.334
5.4,67,2.2,4.225,3.05,desfavorable,invalid,exterior,-2.9414,3.459,1.347
5.4,69,2.2,4.225,3.05,desfavorable,invalid,exterior,-2.9414,3.495,1.358
5.4,71,2.2,4.225,3.05,desfavorable,invalid,exterior,-2.9414,3.529,1.369
5.4,73,2.2,4.225,3.05,desfavorable,invalid,exterior,-2.9414,3.559,1.378
5.4,75,2.2,4.225,3.05,desfavorable,invalid,exterior,-2.9414,3.587,1.387
5.6,15,2.2,4.225,3.05,desfavorable,invalid,exterior,-2.6018,2.307,0.834
5.6,17,2.2,4.225,3.05,desfavorable,invalid,exterior,-2.5027,2.337,0.857
5.6,19,2.2,4.225,3.05,desfavorable,invalid,exterior,-2.4096,2.369,0.881
5.6,21,2.2,4.225,3.05,desfavorable,invalid,exterior,-2.323,2.405,0.905
5.6,23,2.2,4.225,3.05,desfavorable,invalid,exterior,-2.2431,2.444,0.929
5.6,25,2.2,4.225,3.05,desfavorable,invalid,exterior,-2.1704,2.485,0.953
5.6,27,2.2,4.225,3.05,desfavorable,invalid,exterior,-2.1055,2.529,0.977
5.6,29,2.2,4.225,3.05,desfavorable,invalid,exterior,-2.0493,2.576,1.001
5.6,31,2.2,4.225,3.05,desfavorable,invalid,exterior,-2.0028,2.624,1.025
5.6,33,2.2,4.225,3.05,desfavorable,invalid,exterior,-1.9671,2.674,1.049
5.6,35,2.2,4.225,3.05,desfavorable,invalid,exterior,-1.9439,2.726,1.073
5.6,37,2.2,4.225,3.05,desfavorable,invalid,exterior,-1.9351,2.779,1.096
5.6,39,2.2,4.225,3.05,desfavorable,invalid,exterior,-1.9429,2.833,1.119
5.6,41,2.2,4.225,3.05,desfavorable,invalid,exterior,-1.9705,2.888,1.142
5.6,43,2.2,4.225,3.05,desfavorable,invalid,exterior,-2.0214,2.943,1.164
5.6,45,2.2,4.225,3.05,desfavorable,invalid,exterior,-2.1004,2.999,1.186
5.6,47,2.2,4.225,3.05,desfavorable,invalid,exterior,-2.2134,3.055,1.207
5.6,49,2.2,4.225,3.05,desfavorable,invalid,exterior,-2.3679,3.11,1.227
5.6,51,2.2,4.225,3.05,desfavorable,invalid,exterior,-2.5737,3.165,1.247
5.6,53,2.2,4.225,3.05,desfavorable,invalid,exterior,-2.8435,3.219,1.266
5.6,55,2.2,4.225,3.05,desfavorable,invalid,exterior,-2.9414,3.273,1.284
5.6,57,2.2,4.225,3.05,desfavorable,invalid,exterior,-2.9414,3.324,1.302
5.6,59,2.2,4.225,3.05,desfavorable,invalid,exterior,-2.9414,3.374,1.319
5.6,61,2.2,4.225,3.05,desfavorable,invalid,exterior,-2.9414,3.423,1.335
5.6,63,2.2,4.225,3.05,desfavorable,invalid,exterior,-2.9414,3.469,1.35
5.6,65,2.2,4.225,3.05,desfavorable,invalid,exterior,-2.9414,3.513,1.364
5.6,67,2.2,4.225,3.05,desfavorable,invalid,exterior,-2.9414,3.554,1.377
5.6,69,2.2,4.225,3.05,desfavorable,invalid,exterior,-2.9414,3.593,1.389
5.6,71,2.2,4.225,3.05,desfavorable,invalid,exterior,-2.9414,3.629,1.4
5.6,73,2.2,4.225,3.05,desfavorable,invalid,exterior,-2.9414,3.662,1.41
5.6,75,2.2,4.225,3.05,desfavorable,invalid,exterior,-2.9414,3.691,1.419
5.8,15,2.2,4.225,3.05,desfavorable,invalid,exterior,-2.399,2.315,0.84
5.8,17,2.2,4.225,3.05,desfavorable,invalid,exterior,-2.2957,2.347,0.865
5.8,19,2.2,4.225,3.05,desfavorable,invalid,exterior,-2.198,2.382,0.889
5.8,21,2.2,4.225,3.05,desfavorable,invalid,exterior,-2.1059,2.42,0.914
5.8,23,2.2,4.225,3.05,desfavorable,invalid,exterior,-2.0197,2.462,0.939
5.8,25,2.2,4.225,3.05,desfavorable,invalid,exterior,-1.94,2.506,0.965
5.8,27,2.2,4.225,3.05,desfavorable,invalid,exterior,-1.8672,2.553,0.99
5.8,29,2.2,4.225,3.05,desfavorable,invalid,exterior,-1.8019,2.603,1.015
5.8,31,2.2,4.225,3.05,desfavorable,invalid,exterior,-1.7452,2.655,1.04
5.8,33,2.2,4.225,3.05,desfavorable,invalid,exterior,-1.6981,2.709,1.065
5.8,35,2.2,4.225,3.05,desfavorable,invalid,exterior,-1.6619,2.764,1.09
5.8,37,2.2,4.225,3.05,desfavorable,invalid,exterior,-1.6384,2.821,1.114
5.8,39,2.2,4.225,3.05,desfavorable,invalid,exterior,-1.6296,2.879,1.138
5.8,41,2.2,4.225,3.05,desfavorable,invalid,exterior,-1.6382,2.938,1.162
5.8,43,2.2,4.225,3.05,desfavorable,invalid,exterior,-1.6676,2.997,1.185
5.8,45,2.2,4.225,3.05,desfavorable,invalid,exterior,-1.7219,3.057,1.208
5.8,47,2.2,4.225,3.05,desfavorable,invalid,exterior,-1.8065,3.117,1.23
5.8,49,2.2,4.225,3.05,desfavorable,invalid,exterior,-1.9282,3.177,1.251
5.8,51,2.2,4.225,3.05,desfavorable,invalid,exterior,-2.0959,3.236,1.272
5.8,53,2.2,4.225,3.05,desfavorable,invalid,exterior,-2.321,3.294,1.292
5.8,55,2.2,4.225,3.05,desfavorable,invalid,exterior,-2.6189,3.35,1.311
5.8,57,2.2,4.225,3.05,desfavorable,invalid,exterior,-2.9414,3.406,1.329
5.8,59,2.2,4.225,3.05,desfavorable,invalid,exterior,-2.9414,3.46,1.347
5.8,61,2.2,4.225,3.05,desfavorable,invalid,exterior,-2.9414,3.512,1.363
5.8,63,2.2,4.225,3.05,desfavorable,invalid,exterior,-2.9414,3.561,1.379
5.8,65,2.2,4.225,3.05,desfavorable,invalid,exterior,-2.9414,3.608,1.394
5.8,67,2.2,4.225,3.05,desfavorable,invalid,exterior,-2.9414,3.653,1.407
5.8,69,2.2,4.225,3.05,desfavorable,invalid,exterior,-2.9414,3.694,1.42
5.8,71,2.2,4.225,3.05,desfavorable,invalid,exterior,-2.9414,3.733,1.431
5.8,73,2.2,4.225,3.05,desfavorable,invalid,exterior,-2.9414,3.768,1.442
5.8,75,2.2,4.225,3.05,desfavorable,invalid,exterior,-2.9414,3.8,1.451
6,15,2.2,4.225,3.05,desfavorable,invalid,exterior,-2.2161,2.323,0.846
6,17,2.2,4.225,3.05,desfavorable,invalid,exterior,-2.1092,2.357,0.872
6,19,2.2,4.225,3.05,desfavorable,invalid,exterior,-2.0071,2.394,0.898
6,21,2.2,4.225,3.05,desfavorable,invalid,exterior,-1.9101,2.436,0.924
6,23,2.2,4.225,3.05,desfavorable,invalid,exterior,-1.8184,2.48,0.95
6,25,2.2,4.225,3.05,desfavorable,invalid,exterior,-1.7323,2.528,0.976
6,27,2.2,4.225,3.05,desfavorable,invalid,exterior,-1.6522,2.578,1.003
6,29,2.2,4.225,3.05,desfavorable,invalid,exterior,-1.5789,2.631,1.029
6,31,2.2,4.225,3.05,desfavorable,invalid,exterior,-1.513,2.687,1.055
6,33,2.2,4.225,3.05,desfavorable,invalid,exterior,-1.4555,2.744,1.081
6,35,2.2,4.225,3.05,desfavorable,invalid,exterior,-1.4076,2.804,1.107
6,37,2.2,4.225,3.05,desfavorable,invalid,exterior,-1.3709,2.865,1.132
6,39,2.2,4.225,3.05,desfavorable,invalid,exterior,-1.3471,2.927,1.157
6,41,2.2,4.225,3.05,desfavorable,invalid,exterior,-1.3387,2.99,1.182
6,43,2.2,4.225,3.05,desfavorable,invalid,exterior,-1.3486,3.053,1.206
6,45,2.2,4.225,3.05,desfavorable,invalid,exterior,-1.3807,3.117,1.23
6,47,2.2,4.225,3.05,desfavorable,invalid,exterior,-1.4397,3.181,1.253
6,49,2.2,4.225,3.05,desfavorable,invalid,exterior,-1.5318,3.245,1.275
6,51,2.2,4.225,3.05,desfavorable,invalid,exterior,-1.6651,3.308,1.297
6,53,2.2,4.225,3.05,desfavorable,invalid,exterior,-1.8499,3.37,1.317
6,55,2.2,4.225,3.05,desfavorable,invalid,exterior,-2.1002,3.431,1.337
6,57,2.2,4.225,3.05,desfavorable,invalid,exterior,-2.4347,3.491,1.357
6,59,2.2,4.225,3.05,desfavorable,invalid,exterior,-2.8786,3.548,1.375
6,61,2.2,4.225,3.05,desfavorable,invalid,exterior,-2.9414,3.604,1.392
6,63,2.2,4.225,3.05,desfavorable,invalid,exterior,-2.9414,3.657,1.408
6,65,2.2,4.225,3.05,desfavorable,invalid,exterior,-2.9414,3.707,1.424
6,67,2.2,4.225,3.05,desfavorable,invalid,exterior,-2.9414,3.755,1.438
6,69,2.2,4.225,3.05,desfavorable,invalid,exterior,-2.9414,3.799,1.451
6,71,2.2,4.225,3.05,desfavorable,invalid,exterior,-2.9414,3.84,1.463
6,73,2.2,4.225,3.05,desfavorable,invalid,exterior,-2.9414,3.878,1.474
6,75,2.2,4.225,3.05,desfavorable,invalid,exterior,-2.9414,3.912,1.484
6.2,15,2.2,4.225,3.05,desfavorable,invalid,exterior,-2.0506,2.331,0.853
6.2,17,2.2,4.225,3.05,desfavorable,invalid,exterior,-1.9404,2.367,0.88
6.2,19,2.2,4.225,3.05,desfavorable,invalid,exterior,-1.8344,2.408,0.906
6.2,21,2.2,4.225,3.05,desfavorable,invalid,exterior,-1.733,2.452,0.933
6.2,23,2.2,4.225,3.05,desfavorable,invalid,exterior,-1.6362,2.499,0.961
6.2,25,2.2,4.225,3.05,desfavorable,invalid,exterior,-1.5443,2.55,0.988
6.2,27,2.2,4.225,3.05,desfavorable,invalid,exterior,-1.4578,2.604,1.016
6.2,29,2.2,4.225,3.05,desfavorable,invalid,exterior,-1.3771,2.66,1.043
6.2,31,2.2,4.225,3.05,desfavorable,invalid,exterior,-1.3029,2.72,1.07
6.2,33,2.2,4.225,3.05,desfavorable,invalid,exterior,-1.236,2.781,1.097
6.2,35,2.2,4.225,3.05,desfavorable,invalid,exterior,-1.1776,2.845,1.124
6.2,37,2.2,4.225,3.05,desfavorable,invalid,exterior,-1.1288,2.91,1.151
6.2,39,2.2,4.225,3.05,desfavorable,invalid,exterior,-1.0915,2.976,1.177
6.2,41,2.2,4.225,3.05,desfavorable,invalid,exterior,-1.0676,3.043,1.202
6.2,43,2.2,4.225,3.05,desfavorable,invalid,exterior,-1.06,3.111,1.227
6.2,45,2.2,4.225,3.05,desfavorable,invalid,exterior,-1.0719,3.18,1.252
6.2,47,2.2,4.225,3.05,desfavorable,invalid,exterior,-1.1078,3.248,1.276
6.2,49,2.2,4.225,3.05,desfavorable,invalid,exterior,-1.1731,3.316,1.299
6.2,51,2.2,4.225,3.05,desfavorable,invalid,exterior,-1.2753,3.383,1.322
6.2,53,2.2,4.225,3.05,desfavorable,invalid,exterior,-1.4237,3.45,1.343
6.2,55,2.2,4.225,3.05,desfavorable,invalid,exterior,-1.631,3.515,1.364
6.2,57,2.2,4.225,3.05,desfavorable,invalid,exterior,-1.9142,3.578,1.384
6.2,59,2.2,4.225,3.05,desfavorable,invalid,exterior,-2.2966,3.64,1.403
6.2,61,2.2,4.225,3.05,desfavorable,invalid,exterior,-2.8103,3.699,1.421
6.2,63,2.2,4.225,3.05,desfavorable,invalid,exterior,-2.9414,3.755,1.438
6.2,65,2.2,4.225,3.05,desfavorable,invalid,exterior,-2.9414,3.809,1.454
6.2,67,2.2,4.225,3.05,desfavorable,invalid,exterior,-2.9414,3.86,1.469
6.2,69,2.2,4.225,3.05,desfavorable,invalid,exterior,-2.9414,3.908,1.483
6.2,71,2.2,4.225,3.05,desfavorable,invalid,exterior,-2.9414,3.952,1.495
6.2,73,2.2,4.225,3.05,desfavorable,invalid,exterior,-2.9414,3.992,1.507
6.2,75,2.2,4.225,3.05,desfavorable,invalid,exterior,-2.9414,4.028,1.517
6.4,15,2.2,4.225,3.05,desfavorable,invalid,exterior,-1.9004,2.34,0.86
6.4,17,2.2,4.225,3.05,desfavorable,invalid,exterior,-1.7871,2.378,0.887
6.4,19,2.2,4.225,3.05,desfavorable,invalid,exterior,-1.6777,2.421,0.915
6.4,21,2.2,4.225,3.05,desfavorable,invalid,exterior,-1.5722,2.468,0.943
6.4,23,2.2,4.225,3.05,desfavorable,invalid,exterior,-1.4708,2.519,0.972
6.4,25,2.2,4.225,3.05,desfavorable,invalid,exterior,-1.3737,2.573,1
6.4,27,2.2,4.225,3.05,desfavorable,invalid,exterior,-1.2812,2.63,1.028
6.4,29,2.2,4.225,3.05,desfavorable,invalid,exterior,-1.1939,2.691,1.057
6.4,31,2.2,4.225,3.05,desfavorable,invalid,exterior,-1.1121,2.754,1.085
6.4,33,2.2,4.225,3.05,desfavorable,invalid,exterior,-1.0368,2.819,1.113
6.4,35,2.2,4.225,3.05,desfavorable,invalid,exterior,-0.9687,2.887,1.141
6.4,37,2.2,4.225,3.05,desfavorable,invalid,exterior,-0.9091,2.956,1.169
6.4,39,2.2,4.225,3.05,desfavorable,invalid,exterior,-0.8594,3.027,1.196
6.4,41,2.2,4.225,3.05,desfavorable,invalid,exterior,-0.8216,3.099,1.223
6.4,43,2.2,4.225,3.05,desfavorable,invalid,exterior,-0.798,3.171,1.249
6.4,45,2.2,4.225,3.05,desfavorable,invalid,exterior,-0.7917,3.244,1.275
6.4,47,2.2,4.225,3.05,desfavorable,invalid,exterior,-0.8065,3.317,1.299
6.4,49,2.2,4.225,3.05,desfavorable,invalid,exterior,-0.8476,3.389,1.324
6.4,51,2.2,4.225,3.05,desfavorable,invalid,exterior,-0.9214,3.461,1.347
6.4,53,2.2,4.225,3.05,desfavorable,invalid,exterior,-1.0367,3.532,1.37
6.4,55,2.2,4.225,3.05,desfavorable,invalid,exterior,-1.205,3.601,1.391
6.4,57,2.2,4.225,3.05,desfavorable,invalid,exterior,-1.4418,3.668,1.412
6.4,59,2.2,4.225,3.05,desfavorable,invalid,exterior,-1.7683,3.734,1.432
6.4,61,2.2,4.225,3.05,desfavorable,invalid,exterior,-2.214,3.797,1.45
6.4,63,2.2,4.225,3.05,desfavorable,invalid,exterior,-2.8208,3.857,1.468
6.4,65,2.2,4.225,3.05,desfavorable,invalid,exterior,-2.9414,3.915,1.485
6.4,67,2.2,4.225,3.05,desfavorable,invalid,exterior,-2.9414,3.969,1.5
6.4,69,2.2,4.225,3.05,desfavorable,invalid,exterior,-2.9414,4.02,1.514
6.4,71,2.2,4.225,3.05,desfavorable,invalid,exterior,-2.9414,4.066,1.527
6.4,73,2.2,4.225,3.05,desfavorable,invalid,exterior,-2.9414,4.109,1.539
6.4,75,2.2,4.225,3.05,desfavorable,invalid,exterior,-2.9414,4.148,1.55
6.6,15,2.2,4.225,3.05,desfavorable,invalid,exterior,-1.7637,2.349,0.866
6.6,17,2.2,4.225,3.05,desfavorable,invalid,exterior,-1.6476,2.39,0.895
6.6,19,2.2,4.225,3.05,desfavorable,invalid,exterior,-1.535,2.435,0.924
6.6,21,2.2,4.225,3.05,desfavorable,invalid,exterior,-1.4258,2.485,0.953
6.6,23,2.2,4.225,3.05,desfavorable,invalid,exterior,-1.3202,2.539,0.982
6.6,25,2.2,4.225,3.05,desfavorable,invalid,exterior,-1.2184,2.597,1.012
6.6,27,2.2,4.225,3.05,desfavorable,invalid,exterior,-1.1205,2.658,1.042
6.6,29,2.2,4.225,3.05,desfavorable,invalid,exterior,-1.0271,2.722,1.071
6.6,31,2.2,4.225,3.05,desfavorable,invalid,exterior,-0.9385,2.789,1.101
6.6,33,2.2,4.225,3.05,desfavorable,invalid,exterior,-0.8554,2.859,1.13
6.6,35,2.2,4.225,3.05,desfavorable,invalid,exterior,-0.7786,2.93,1.159
6.6,37,2.2,4.225,3.05,desfavorable,invalid,exterior,-0.7091,3.004,1.187
6.6,39,2.2,4.225,3.05,desfavorable,invalid,exterior,-0.6482,3.079,1.216
6.6,41,2.2,4.225,3.05,desfavorable,invalid,exterior,-0.5976,3.156,1.243
6.6,43,2.2,4.225,3.05,desfavorable,invalid,exterior,-0.5595,3.233,1.271
6.6,45,2.2,4.225,3.05,desfavorable,invalid,exterior,-0.5365,3.31,1.297
6.6,47,2.2,4.225,3.05,desfavorable,invalid,exterior,-0.5322,3.388,1.323
6.6,49,2.2,4.225,3.05,desfavorable,invalid,exterior,-0.5511,3.465,1.348
6.6,51,2.2,4.225,3.05,desfavorable,invalid,exterior,-0.5993,3.541,1.372
6.6,53,2.2,4.225,3.05,desfavorable,invalid,exterior,-0.6845,3.616,1.396
6.6,55,2.2,4.225,3.05,desfavorable,invalid,exterior,-0.8172,3.69,1.418
6.6,57,2.2,4.225,3.05,desfavorable,invalid,exterior,-1.0117,3.762,1.44
6.6,59,2.2,4.225,3.05,desfavorable,invalid,exterior,-1.2873,3.831,1.46
6.6,61,2.2,4.225,3.05,desfavorable,invalid,exterior,-1.6712,3.898,1.48
6.6,63,2.2,4.225,3.05,desfavorable,invalid,exterior,-2.2018,3.963,1.498
6.6,65,2.2,4.225,3.05,desfavorable,invalid,exterior,-2.9349,4.024,1.515
6.6,67,2.2,4.225,3.05,desfavorable,invalid,exterior,-2.9414,4.081,1.531
6.6,69,2.2,4.225,3.05,desfavorable,invalid,exterior,-2.9414,4.135,1.546
6.6,71,2.2,4.225,3.05,desfavorable,invalid,exterior,-2.9414,4.185,1.56
6.6,73,2.2,4.225,3.05,desfavorable,invalid,exterior,-2.9414,4.23,1.572
6.6,75,2.2,4.225,3.05,desfavorable,invalid,exterior,-2.9414,4.271,1.583
6.8,15,2.2,4.225,3.05,desfavorable,invalid,exterior,-1.6388,2.358,0.873
6.8,17,2.2,4.225,3.05,desfavorable,invalid,exterior,-1.5202,2.401,0.902
6.8,19,2.2,4.225,3.05,desfavorable,invalid,exterior,-1.4047,2.45,0.932
6.8,21,2.2,4.225,3.05,desfavorable,invalid,exterior,-1.2921,2.503,0.963
6.8,23,2.2,4.225,3.05,desfavorable,invalid,exterior,-1.1827,2.56,0.993
6.8,25,2.2,4.225,3.05,desfavorable,invalid,exterior,-1.0765,2.621,1.024
6.8,27,2.2,4.225,3.05,desfavorable,invalid,exterior,-0.9738,2.686,1.055
6.8,29,2.2,4.225,3.05,desfavorable,invalid,exterior,-0.8748,2.754,1.085
6.8,31,2.2,4.225,3.05,desfavorable,invalid,exterior,-0.7799,2.825,1.116
6.8,33,2.2,4.225,3.05,desfavorable,invalid,exterior,-0.6898,2.899,1.146
6.8,35,2.2,4.225,3.05,desfavorable,invalid,exterior,-0.6049,2.975,1.176
6.8,37,2.2,4.225,3.05,desfavorable,invalid,exterior,-0.5264,3.054,1.206
6.8,39,2.2,4.225,3.05,desfavorable,invalid,exterior,-0.4553,3.133,1.235
6.8,41,2.2,4.225,3.05,desfavorable,invalid,exterior,-0.3931,3.214,1.264
6.8,43,2.2,4.225,3.05,desfavorable,invalid,exterior,-0.3417,3.296,1.293
6.8,45,2.2,4.225,3.05,desfavorable,invalid,exterior,-0.3035,3.378,1.32
6.8,47,2.2,4.225,3.05,desfavorable,invalid,exterior,-0.2817,3.461,1.347
6.8,49,2.2,4.225,3.05,desfavorable,invalid,exterior,-0.2804,3.542,1.373
6.8,51,2.2,4.225,3.05,desfavorable,invalid,exterior,-0.3051,3.623,1.398
6.8,53,2.2,4.225,3.05,desfavorable,invalid,exterior,-0.3628,3.703,1.422
6.8,55,2.2,4.225,3.05,desfavorable,invalid,exterior,-0.4631,3.781,1.446
6.8,57,2.2,4.225,3.05,desfavorable,invalid,exterior,-0.6189,3.858,1.468
6.8,59,2.2,4.225,3.05,desfavorable,invalid,exterior,-0.8481,3.932,1.489
6.8,61,2.2,4.225,3.05,desfavorable,invalid,exterior,-1.1755,4.003,1.51
6.8,63,2.2,4.225,3.05,desfavorable,invalid,exterior,-1.6365,4.071,1.529
6.8,65,2.2,4.225,3.05,desfavorable,invalid,exterior,-2.2826,4.136,1.546
6.8,67,2.2,4.225,3.05,desfavorable,invalid,exterior,-2.9414,4.197,1.563
6.8,69,2.2,4.225,3.05,desfavorable,invalid,exterior,-2.9414,4.254,1.578
6.8,71,2.2,4.225,3.05,desfavorable,invalid,exterior,-2.9414,4.307,1.592
6.8,73,2.2,4.225,3.05,desfavorable,invalid,exterior,-2.9414,4.355,1.605
6.8,75,2.2,4.225,3.05,desfavorable,invalid,exterior,-2.9414,4.399,1.617
7,15,2.2,4.225,3.05,desfavorable,invalid,exterior,-1.5245,2.367,0.879
7,17,2.2,4.225,3.05,desfavorable,invalid,exterior,-1.4036,2.413,0.91
7,19,2.2,4.225,3.05,desfavorable,invalid,exterior,-1.2854,2.465,0.941
7,21,2.2,4.225,3.05,desfavorable,invalid,exterior,-1.1698,2.521,0.973
7,23,2.2,4.225,3.05,desfavorable,invalid,exterior,-1.0568,2.581,1.004
7,25,2.2,4.225,3.05,desfavorable,invalid,exterior,-0.9467,2.646,1.036
7,27,2.2,4.225,3.05,desfavorable,invalid,exterior,-0.8394,2.715,1.068
7,29,2.2,4.225,3.05,desfavorable,invalid,exterior,-0.7354,2.787,1.1
7,31,2.2,4.225,3.05,desfavorable,invalid,exterior,-0.6348,2.862,1.131
7,33,2.2,4.225,3.05,desfavorable,invalid,exterior,-0.5381,2.941,1.163
7,35,2.2,4.225,3.05,desfavorable,invalid,exterior,-0.446,3.022,1.194
7,37,2.2,4.225,3.05,desfavorable,invalid,exterior,-0.3592,3.105,1.225
7,39,2.2,4.225,3.05,desfavorable,invalid,exterior,-0.2787,3.189,1.255
7,41,2.2,4.225,3.05,desfavorable,invalid,secant,-0.2058,3.275,1.285
7,43,2.2,4.225,3.05,desfavorable,invalid,secant,-0.1423,3.362,1.315
7,45,2.2,4.225,3.05,desfavorable,invalid,secant,-0.0902,3.449,1.343
7,47,2.2,4.225,3.05,desfavorable,invalid,secant,-0.0524,3.536,1.371
7,49,2.2,4.225,3.05,desfavorable,invalid,secant,-0.0326,3.623,1.398
7,51,2.2,4.225,3.05,desfavorable,invalid,secant,-0.0358,3.708,1.424
7,53,2.2,4.225,3.05,desfavorable,invalid,secant,-0.0683,3.793,1.449
7,55,2.2,4.225,3.05,desfavorable,invalid,secant,-0.1389,3.876,1.473
7,57,2.2,4.225,3.05,desfavorable,invalid,exterior,-0.2594,3.957,1.497
7,59,2.2,4.225,3.05,desfavorable,invalid,exterior,-0.4461,4.035,1.519
7,61,2.2,4.225,3.05,desfavorable,invalid,exterior,-0.7218,4.11,1.54
7,63,2.2,4.225,3.05,desfavorable,invalid,exterior,-1.119,4.183,1.559
7,65,2.2,4.225,3.05,desfavorable,invalid,exterior,-1.6855,4.251,1.578
7,67,2.2,4.225,3.05,desfavorable,invalid,exterior,-2.4921,4.316,1.595
7,69,2.2,4.225,3.05,desfavorable,invalid,exterior,-2.9414,4.377,1.611
7,71,2.2,4.225,3.05,desfavorable,invalid,exterior,-2.9414,4.433,1.625
7,73,2.2,4.225,3.05,desfavorable,invalid,exterior,-2.9414,4.484,1.638
7,75,2.2,4.225,3.05,desfavorable,invalid,exterior,-2.9414,4.53,1.65
7.2,15,2.2,4.225,3.05,desfavorable,invalid,exterior,-1.4196,2.377,0.886
7.2,17,2.2,4.225,3.05,desfavorable,invalid,exterior,-1.2966,2.426,0.918
7.2,19,2.2,4.225,3.05,desfavorable,invalid,exterior,-1.1759,2.48,0.95
7.2,21,2.2,4.225,3.05,desfavorable,invalid,exterior,-1.0574,2.539,0.983
7.2,23,2.2,4.225,3.05,desfavorable,invalid,exterior,-0.9413,2.603,1.015
7.2,25,2.2,4.225,3.05,desfavorable,invalid,exterior,-0.8275,2.672,1.048
7.2,27,2.2,4.225,3.05,desfavorable,invalid,exterior,-0.7161,2.745,1.081
7.2,29,2.2,4.225,3.05,desfavorable,invalid,exterior,-0.6074,2.821,1.114
7.2,31,2.2,4.225,3.05,desfavorable,invalid,exterior,-0.5015,2.901,1.147
7.2,33,2.2,4.225,3.05,desfavorable,invalid,exterior,-0.3989,2.984,1.18
7.2,35,2.2,4.225,3.05,desfavorable,invalid,exterior,-0.3001,3.069,1.212
7.2,37,2.2,4.225,3.05,desfavorable,invalid,secant,-0.2057,3.157,1.244
7.2,39,2.2,4.225,3.05,desfavorable,invalid,secant,-0.1166,3.246,1.275
7.2,41,2.2,4.225,3.05,desfavorable,invalid,secant,-0.034,3.337,1.306
7.2,43,2.2,4.225,3.05,favorable,valid,interior,0.0408,3.429,1.337
7.2,45,2.2,4.225,3.05,favorable,valid,concentric,0.1056,3.521,1.366
7.2,47,2.2,4.225,3.05,favorable,valid,interior,0.0591,3.613,1.395
7.2,49,2.2,4.225,3.05,favorable,valid,interior,0.0224,3.705,1.423
7.2,51,2.2,4.225,3.05,favorable,valid,interior,0.0058,3.796,1.45
7.2,53,2.2,4.225,3.05,favorable,valid,interior,0.0152,3.885,1.476
7.2,55,2.2,4.225,3.05,favorable,valid,interior,0.0585,3.973,1.501
7.2,57,2.2,4.225,3.05,favorable,valid,interior,0.0706,4.058,1.525
7.2,59,2.2,4.225,3.05,desfavorable,invalid,secant,-0.077,4.141,1.548
7.2,61,2.2,4.225,3.05,desfavorable,invalid,exterior,-0.3053,4.221,1.57
7.2,63,2.2,4.225,3.05,desfavorable,invalid,exterior,-0.6441,4.298,1.59
7.2,65,2.2,4.225,3.05,desfavorable,invalid,exterior,-1.1374,4.37,1.609
7.2,67,2.2,4.225,3.05,desfavorable,invalid,exterior,-1.8509,4.439,1.627
7.2,69,2.2,4.225,3.05,desfavorable,invalid,exterior,-2.8862,4.503,1.643
7.2,71,2.2,4.225,3.05,desfavorable,invalid,exterior,-2.9414,4.562,1.658
7.2,73,2.2,4.225,3.05,desfavorable,invalid,exterior,-2.9414,4.616,1.672
7.2,75,2.2,4.225,3.05,desfavorable,invalid,exterior,-2.9414,4.665,1.684
7.4,15,2.2,4.225,3.05,desfavorable,invalid,exterior,-1.323,2.387,0.893
7.4,17,2.2,4.225,3.05,desfavorable,invalid,exterior,-1.1981,2.439,0.926
7.4,19,2.2,4.225,3.05,desfavorable,invalid,exterior,-1.0751,2.496,0.959
7.4,21,2.2,4.225,3.05,desfavorable,invalid,exterior,-0.9541,2.558,0.993
7.4,23,2.2,4.225,3.05,desfavorable,invalid,exterior,-0.835,2.626,1.026
7.4,25,2.2,4.225,3.05,desfavorable,invalid,exterior,-0.7179,2.698,1.061
7.4,27,2.2,4.225,3.05,desfavorable,invalid,exterior,-0.6027,2.775,1.095
7.4,29,2.2,4.225,3.05,desfavorable,invalid,exterior,-0.4897,2.856,1.129
7.4,31,2.2,4.225,3.05,desfavorable,invalid,exterior,-0.379,2.94,1.163
7.4,33,2.2,4.225,3.05,desfavorable,invalid,exterior,-0.2709,3.028,1.197
7.4,35,2.2,4.225,3.05,desfavorable,invalid,secant,-0.1659,3.118,1.23
7.4,37,2.2,4.225,3.05,desfavorable,invalid,secant,-0.0645,3.211,1.263
7.4,39,2.2,4.225,3.05,favorable,valid,interior,0.0325,3.305,1.296
7.4,41,2.2,4.225,3.05,favorable,valid,interior,0.093,3.401,1.328
7.4,43,2.2,4.225,3.05,favorable,valid,interior,0.0081,3.498,1.359
7.4,45,2.2,4.225,3.05,desfavorable,invalid,secant,-0.0685,3.596,1.39
7.4,47,2.2,4.225,3.05,desfavorable,invalid,secant,-0.1345,3.693,1.419
7.4,49,2.2,4.225,3.05,desfavorable,invalid,secant,-0.1868,3.79,1.448
7.4,51,2.2,4.225,3.05,desfavorable,invalid,secant,-0.2216,3.886,1.476
7.4,53,2.2,4.225,3.05,desfavorable,invalid,secant,-0.2334,3.98,1.503
7.4,55,2.2,4.225,3.05,desfavorable,invalid,secant,-0.2152,4.073,1.529
7.4,57,2.2,4.225,3.05,desfavorable,invalid,secant,-0.157,4.163,1.554
7.4,59,2.2,4.225,3.05,desfavorable,invalid,secant,-0.0453,4.251,1.578
7.4,61,2.2,4.225,3.05,favorable,valid,interior,0.0779,4.335,1.6
7.4,63,2.2,4.225,3.05,desfavorable,invalid,secant,-0.2071,4.416,1.621
7.4,65,2.2,4.225,3.05,desfavorable,invalid,exterior,-0.6331,4.493,1.641
7.4,67,2.2,4.225,3.05,desfavorable,invalid,exterior,-1.261,4.565,1.659
7.4,69,2.2,4.225,3.05,desfavorable,invalid,exterior,-2.1849,4.633,1.676
7.4,71,2.2,4.225,3.05,desfavorable,invalid,exterior,-2.9414,4.695,1.692
7.4,73,2.2,4.225,3.05,desfavorable,invalid,exterior,-2.9414,4.752,1.706
7.4,75,2.2,4.225,3.05,desfavorable,invalid,exterior,-2.9414,4.804,1.718
7.6,15,2.2,4.225,3.05,desfavorable,invalid,exterior,-1.234,2.397,0.9
7.6,17,2.2,4.225,3.05,desfavorable,invalid,exterior,-1.1073,2.452,0.933
7.6,19,2.2,4.225,3.05,desfavorable,invalid,exterior,-0.9822,2.512,0.968
7.6,21,2.2,4.225,3.05,desfavorable,invalid,exterior,-0.8588,2.578,1.003
7.6,23,2.2,4.225,3.05,desfavorable,invalid,exterior,-0.737,2.649,1.038
7.6,25,2.2,4.225,3.05,desfavorable,invalid,exterior,-0.6167,2.726,1.073
7.6,27,2.2,4.225,3.05,desfavorable,invalid,exterior,-0.4981,2.807,1.108
7.6,29,2.2,4.225,3.05,desfavorable,invalid,exterior,-0.3811,2.892,1.143
7.6,31,2.2,4.225,3.05,desfavorable,invalid,exterior,-0.2659,2.981,1.179
7.6,33,2.2,4.225,3.05,desfavorable,invalid,secant,-0.1528,3.073,1.213
7.6,35,2.2,4.225,3.05,desfavorable,invalid,secant,-0.0421,3.169,1.248
7.6,37,2.2,4.225,3.05,favorable,valid,interior,0.0657,3.266,1.282
7.6,39,2.2,4.225,3.05,favorable,valid,interior,0.0472,3.366,1.316
7.6,41,2.2,4.225,3.05,desfavorable,invalid,secant,-0.0528,3.467,1.349
7.6,43,2.2,4.225,3.05,desfavorable,invalid,secant,-0.1472,3.569,1.381
7.6,45,2.2,4.225,3.05,desfavorable,invalid,secant,-0.2346,3.672,1.413
7.6,47,2.2,4.225,3.05,desfavorable,invalid,exterior,-0.3131,3.775,1.444
7.6,49,2.2,4.225,3.05,desfavorable,invalid,exterior,-0.3798,3.877,1.474
7.6,51,2.2,4.225,3.05,desfavorable,invalid,exterior,-0.4313,3.978,1.503
7.6,53,2.2,4.225,3.05,desfavorable,invalid,exterior,-0.4627,4.078,1.53
7.6,55,2.2,4.225,3.05,desfavorable,invalid,exterior,-0.4676,4.175,1.557
7.6,57,2.2,4.225,3.05,desfavorable,invalid,exterior,-0.437,4.271,1.583
7.6,59,2.2,4.225,3.05,desfavorable,invalid,exterior,-0.3584,4.363,1.607
7.6,61,2.2,4.225,3.05,desfavorable,invalid,secant,-0.2141,4.452,1.63
7.6,63,2.2,4.225,3.05,favorable,valid,interior,0.0214,4.537,1.652
7.6,65,2.2,4.225,3.05,desfavorable,invalid,secant,-0.1681,4.618,1.672
7.6,67,2.2,4.225,3.05,desfavorable,invalid,exterior,-0.717,4.694,1.691
7.6,69,2.2,4.225,3.05,desfavorable,invalid,exterior,-1.5383,4.766,1.709
7.6,71,2.2,4.225,3.05,desfavorable,invalid,exterior,-2.7726,4.832,1.725
7.6,73,2.2,4.225,3.05,desfavorable,invalid,exterior,-2.9414,4.892,1.74
7.6,75,2.2,4.225,3.05,desfavorable,invalid,exterior,-2.9414,4.947,1.753
7.8,15,2.2,4.225,3.05,desfavorable,invalid,exterior,-1.1518,2.408,0.906
7.8,17,2.2,4.225,3.05,desfavorable,invalid,exterior,-1.0233,2.465,0.941
7.8,19,2.2,4.225,3.05,desfavorable,invalid,exterior,-0.8964,2.529,0.977
7.8,21,2.2,4.225,3.05,desfavorable,invalid,exterior,-0.7708,2.598,1.013
7.8,23,2.2,4.225,3.05,desfavorable,invalid,exterior,-0.6464,2.673,1.049
7.8,25,2.2,4.225,3.05,desfavorable,invalid,exterior,-0.5233,2.754,1.085
7.8,27,2.2,4.225,3.05,desfavorable,invalid,exterior,-0.4014,2.839,1.122
7.8,29,2.2,4.225,3.05,desfavorable,invalid,exterior,-0.2808,2.929,1.158
7.8,31,2.2,4.225,3.05,desfavorable,invalid,secant,-0.1615,3.023,1.195
7.8,33,2.2,4.225,3.05,desfavorable,invalid,secant,-0.0437,3.12,1.231
7.8,35,2.2,4.225,3.05,favorable,valid,interior,0.0722,3.22,1.266
7.8,37,2.2,4.225,3.05,favorable,valid,interior,0.0312,3.323,1.302
7.8,39,2.2,4.225,3.05,desfavorable,invalid,secant,-0.0799,3.428,1.336
7.8,41,2.2,4.225,3.05,desfavorable,invalid,secant,-0.1875,3.535,1.371
7.8,43,2.2,4.225,3.05,desfavorable,invalid,exterior,-0.2907,3.642,1.404
7.8,45,2.2,4.225,3.05,desfavorable,invalid,exterior,-0.3881,3.75,1.437
7.8,47,2.2,4.225,3.05,desfavorable,invalid,exterior,-0.478,3.859,1.468
7.8,49,2.2,4.225,3.05,desfavorable,invalid,exterior,-0.5581,3.966,1.499
7.8,51,2.2,4.225,3.05,desfavorable,invalid,exterior,-0.6251,4.073,1.529
7.8,53,2.2,4.225,3.05,desfavorable,invalid,exterior,-0.6746,4.178,1.558
7.8,55,2.2,4.225,3.05,desfavorable,invalid,exterior,-0.7009,4.281,1.586
7.8,57,2.2,4.225,3.05,desfavorable,invalid,exterior,-0.6957,4.381,1.612
7.8,59,2.2,4.225,3.05,desfavorable,invalid,exterior,-0.6477,4.478,1.637
7.8,61,2.2,4.225,3.05,desfavorable,invalid,exterior,-0.5406,4.572,1.661
7.8,63,2.2,4.225,3.05,desfavorable,invalid,exterior,-0.3509,4.662,1.683
7.8,65,2.2,4.225,3.05,desfavorable,invalid,secant,-0.0443,4.747,1.704
7.8,67,2.2,4.225,3.05,desfavorable,invalid,secant,-0.2144,4.827,1.724
7.8,69,2.2,4.225,3.05,desfavorable,invalid,exterior,-0.9408,4.903,1.742
7.8,71,2.2,4.225,3.05,desfavorable,invalid,exterior,-2.0486,4.972,1.759
7.8,73,2.2,4.225,3.05,desfavorable,invalid,exterior,-2.9414,5.036,1.774
7.8,75,2.2,4.225,3.05,desfavorable,invalid,exterior,-2.9414,5.093,1.787
8,15,2.2,4.225,3.05,desfavorable,invalid,exterior,-1.0756,2.419,0.913
8,17,2.2,4.225,3.05,desfavorable,invalid,exterior,-0.9456,2.479,0.949
8,19,2.2,4.225,3.05,desfavorable,invalid,exterior,-0.8169,2.546,0.986
8,21,2.2,4.225,3.05,desfavorable,invalid,exterior,-0.6892,2.619,1.023
8,23,2.2,4.225,3.05,desfavorable,invalid,exterior,-0.5626,2.698,1.06
8,25,2.2,4.225,3.05,desfavorable,invalid,exterior,-0.4368,2.783,1.098
8,27,2.2,4.225,3.05,desfavorable,invalid,exterior,-0.3119,2.872,1.135
8,29,2.2,4.225,3.05,desfavorable,invalid,secant,-0.1879,2.967,1.173
8,31,2.2,4.225,3.05,desfavorable,invalid,secant,-0.0648,3.065,1.211
8,33,2.2,4.225,3.05,favorable,valid,interior,0.0573,3.168,1.248
8,35,2.2,4.225,3.05,favorable,valid,interior,0.0391,3.273,1.285
8,37,2.2,4.225,3.05,desfavorable,invalid,secant,-0.0802,3.381,1.321
8,39,2.2,4.225,3.05,desfavorable,invalid,secant,-0.1975,3.492,1.357
8,41,2.2,4.225,3.05,desfavorable,invalid,exterior,-0.3122,3.604,1.392
8,43,2.2,4.225,3.05,desfavorable,invalid,exterior,-0.4235,3.717,1.427
8,45,2.2,4.225,3.05,desfavorable,invalid,exterior,-0.5302,3.831,1.46
8,47,2.2,4.225,3.05,desfavorable,invalid,exterior,-0.6308,3.945,1.493
8,49,2.2,4.225,3.05,desfavorable,invalid,exterior,-0.7232,4.058,1.525
8,51,2.2,4.225,3.05,desfavorable,invalid,exterior,-0.8045,4.17,1.556
8,53,2.2,4.225,3.05,desfavorable,invalid,exterior,-0.8708,4.281,1.585
8,55,2.2,4.225,3.05,desfavorable,invalid,exterior,-0.9169,4.389,1.614
8,57,2.2,4.225,3.05,desfavorable,invalid,exterior,-0.9353,4.494,1.641
8,59,2.2,4.225,3.05,desfavorable,invalid,exterior,-0.9155,4.597,1.667
8,61,2.2,4.225,3.05,desfavorable,invalid,exterior,-0.8429,4.695,1.692
8,63,2.2,4.225,3.05,desfavorable,invalid,exterior,-0.6957,4.79,1.715
8,65,2.2,4.225,3.05,desfavorable,invalid,exterior,-0.4422,4.879,1.736
8,67,2.2,4.225,3.05,desfavorable,invalid,secant,-0.0339,4.964,1.757
8,69,2.2,4.225,3.05,desfavorable,invalid,exterior,-0.3875,5.043,1.775
8,71,2.2,4.225,3.05,desfavorable,invalid,exterior,-1.3782,5.116,1.792
8,73,2.2,4.225,3.05,desfavorable,invalid,exterior,-2.9265,5.183,1.808
8,75,2.2,4.225,3.05,desfavorable,invalid,exterior,-2.9414,5.243,1.822
8.2,15,2.2,4.225,3.05,desfavorable,invalid,exterior,-1.005,2.43,0.92
8.2,17,2.2,4.225,3.05,desfavorable,invalid,exterior,-0.8736,2.493,0.957
8.2,19,2.2,4.225,3.05,desfavorable,invalid,exterior,-0.7432,2.563,0.995
8.2,21,2.2,4.225,3.05,desfavorable,invalid,exterior,-0.6136,2.64,1.033
8.2,23,2.2,4.225,3.05,desfavorable,invalid,exterior,-0.4848,2.723,1.072
8.2,25,2.2,4.225,3.05,desfavorable,invalid,exterior,-0.3566,2.812,1.11
8.2,27,2.2,4.225,3.05,desfavorable,invalid,secant,-0.2289,2.906,1.149
8.2,29,2.2,4.225,3.05,desfavorable,invalid,secant,-0.1017,3.006,1.188
8.2,31,2.2,4.225,3.05,favorable,valid,interior,0.025,3.109,1.227
8.2,33,2.2,4.225,3.05,favorable,valid,interior,0.0662,3.217,1.265
8.2,35,2.2,4.225,3.05,desfavorable,invalid,secant,-0.0592,3.327,1.303
8.2,37,2.2,4.225,3.05,desfavorable,invalid,secant,-0.1836,3.441,1.341
8.2,39,2.2,4.225,3.05,desfavorable,invalid,exterior,-0.3067,3.557,1.378
8.2,41,2.2,4.225,3.05,desfavorable,invalid,exterior,-0.428,3.675,1.414
8.2,43,2.2,4.225,3.05,desfavorable,invalid,exterior,-0.5468,3.794,1.45
8.2,45,2.2,4.225,3.05,desfavorable,invalid,exterior,-0.6621,3.914,1.484
8.2,47,2.2,4.225,3.05,desfavorable,invalid,exterior,-0.7725,4.033,1.518
8.2,49,2.2,4.225,3.05,desfavorable,invalid,exterior,-0.8763,4.152,1.551
8.2,51,2.2,4.225,3.05,desfavorable,invalid,exterior,-0.9709,4.27,1.583
8.2,53,2.2,4.225,3.05,desfavorable,invalid,exterior,-1.0528,4.386,1.613
8.2,55,2.2,4.225,3.05,desfavorable,invalid,exterior,-1.1173,4.5,1.643
8.2,57,2.2,4.225,3.05,desfavorable,invalid,exterior,-1.1575,4.611,1.671
8.2,59,2.2,4.225,3.05,desfavorable,invalid,exterior,-1.1641,4.718,1.697
8.2,61,2.2,4.225,3.05,desfavorable,invalid,exterior,-1.1233,4.822,1.723
8.2,63,2.2,4.225,3.05,desfavorable,invalid,exterior,-1.0156,4.921,1.746
8.2,65,2.2,4.225,3.05,desfavorable,invalid,exterior,-0.8113,5.015,1.769
8.2,67,2.2,4.225,3.05,desfavorable,invalid,exterior,-0.4657,5.104,1.79
8.2,69,2.2,4.225,3.05,favorable,valid,interior,0.0914,5.187,1.809
8.2,71,2.2,4.225,3.05,desfavorable,invalid,exterior,-0.7563,5.264,1.826
8.2,73,2.2,4.225,3.05,desfavorable,invalid,exterior,-2.1553,5.334,1.842
8.2,75,2.2,4.225,3.05,desfavorable,invalid,exterior,-2.9414,5.398,1.856
8.4,15,2.2,4.225,3.05,desfavorable,invalid,exterior,-0.9393,2.441,0.927
8.4,17,2.2,4.225,3.05,desfavorable,invalid,exterior,-0.8066,2.507,0.965
8.4,19,2.2,4.225,3.05,desfavorable,invalid,exterior,-0.6746,2.581,1.004
8.4,21,2.2,4.225,3.05,desfavorable,invalid,exterior,-0.5433,2.662,1.044
8.4,23,2.2,4.225,3.05,desfavorable,invalid,exterior,-0.4125,2.749,1.083
8.4,25,2.2,4.225,3.05,desfavorable,invalid,exterior,-0.282,2.842,1.123
8.4,27,2.2,4.225,3.05,desfavorable,invalid,secant,-0.1517,2.941,1.163
8.4,29,2.2,4.225,3.05,desfavorable,invalid,secant,-0.0216,3.045,1.203
8.4,31,2.2,4.225,3.05,favorable,valid,concentric,0.1083,3.154,1.243
8.4,33,2.2,4.225,3.05,desfavorable,invalid,secant,-0.0209,3.267,1.282
8.4,35,2.2,4.225,3.05,desfavorable,invalid,secant,-0.1505,3.383,1.322
8.4,37,2.2,4.225,3.05,desfavorable,invalid,exterior,-0.2796,3.503,1.36
8.4,39,2.2,4.225,3.05,desfavorable,invalid,exterior,-0.4081,3.624,1.398
8.4,41,2.2,4.225,3.05,desfavorable,invalid,exterior,-0.5356,3.748,1.436
8.4,43,2.2,4.225,3.05,desfavorable,invalid,exterior,-0.6613,3.873,1.473
8.4,45,2.2,4.225,3.05,desfavorable,invalid,exterior,-0.7846,3.998,1.508
8.4,47,2.2,4.225,3.05,desfavorable,invalid,exterior,-0.9043,4.124,1.543
8.4,49,2.2,4.225,3.05,desfavorable,invalid,exterior,-1.0187,4.248,1.577
8.4,51,2.2,4.225,3.05,desfavorable,invalid,exterior,-1.1256,4.372,1.61
8.4,53,2.2,4.225,3.05,desfavorable,invalid,exterior,-1.222,4.494,1.641
8.4,55,2.2,4.225,3.05,desfavorable,invalid,exterior,-1.3035,4.613,1.671
8.4,57,2.2,4.225,3.05,desfavorable,invalid,exterior,-1.3641,4.73,1.7
8.4,59,2.2,4.225,3.05,desfavorable,invalid,exterior,-1.395,4.842,1.728
8.4,61,2.2,4.225,3.05,desfavorable,invalid,exterior,-1.384,4.951,1.754
8.4,63,2.2,4.225,3.05,desfavorable,invalid,exterior,-1.3128,5.055,1.778
8.4,65,2.2,4.225,3.05,desfavorable,invalid,exterior,-1.1543,5.154,1.801
8.4,67,2.2,4.225,3.05,desfavorable,invalid,exterior,-0.867,5.247,1.823
8.4,69,2.2,4.225,3.05,desfavorable,invalid,exterior,-0.3857,5.334,1.842
8.4,71,2.2,4.225,3.05,desfavorable,invalid,secant,-0.1782,5.415,1.86
8.4,73,2.2,4.225,3.05,desfavorable,invalid,exterior,-1.4386,5.489,1.877
8.4,75,2.2,4.225,3.05,desfavorable,invalid,exterior,-2.9414,5.555,1.891
8.6,15,2.2,4.225,3.05,desfavorable,invalid,exterior,-0.8782,2.453,0.934
8.6,17,2.2,4.225,3.05,desfavorable,invalid,exterior,-0.7442,2.522,0.973
8.6,19,2.2,4.225,3.05,desfavorable,invalid,exterior,-0.6108,2.6,1.013
8.6,21,2.2,4.225,3.05,desfavorable,invalid,exterior,-0.4779,2.684,1.054
8.6,23,2.2,4.225,3.05,desfavorable,invalid,exterior,-0.3451,2.776,1.095
8.6,25,2.2,4.225,3.05,desfavorable,invalid,secant,-0.2125,2.873,1.136
8.6,27,2.2,4.225,3.05,desfavorable,invalid,secant,-0.0798,2.977,1.177
8.6,29,2.2,4.225,3.05,favorable,valid,interior,0.053,3.086,1.218
8.6,31,2.2,4.225,3.05,favorable,valid,interior,0.0312,3.2,1.259
8.6,33,2.2,4.225,3.05,desfavorable,invalid,secant,-0.102,3.318,1.3
8.6,35,2.2,4.225,3.05,desfavorable,invalid,secant,-0.2355,3.44,1.34
8.6,37,2.2,4.225,3.05,desfavorable,invalid,exterior,-0.3691,3.565,1.38
8.6,39,2.2,4.225,3.05,desfavorable,invalid,exterior,-0.5026,3.693,1.419
8.6,41,2.2,4.225,3.05,desfavorable,invalid,exterior,-0.6357,3.822,1.458
8.6,43,2.2,4.225,3.05,desfavorable,invalid,exterior,-0.768,3.953,1.496
8.6,45,2.2,4.225,3.05,desfavorable,invalid,exterior,-0.8987,4.085,1.532
8.6,47,2.2,4.225,3.05,desfavorable,invalid,exterior,-1.0269,4.216,1.568
8.6,49,2.2,4.225,3.05,desfavorable,invalid,exterior,-1.1512,4.347,1.603
8.6,51,2.2,4.225,3.05,desfavorable,invalid,exterior,-1.2697,4.477,1.637
8.6,53,2.2,4.225,3.05,desfavorable,invalid,exterior,-1.3795,4.604,1.669
8.6,55,2.2,4.225,3.05,desfavorable,invalid,exterior,-1.4769,4.729,1.7
8.6,57,2.2,4.225,3.05,desfavorable,invalid,exterior,-1.5564,4.851,1.73
8.6,59,2.2,4.225,3.05,desfavorable,invalid,exterior,-1.6101,4.97,1.758
8.6,61,2.2,4.225,3.05,desfavorable,invalid,exterior,-1.6267,5.084,1.785
8.6,63,2.2,4.225,3.05,desfavorable,invalid,exterior,-1.5896,5.193,1.81
8.6,65,2.2,4.225,3.05,desfavorable,invalid,exterior,-1.4737,5.296,1.834
8.6,67,2.2,4.225,3.05,desfavorable,invalid,exterior,-1.2406,5.394,1.856
8.6,69,2.2,4.225,3.05,desfavorable,invalid,exterior,-0.8299,5.485,1.876
8.6,71,2.2,4.225,3.05,desfavorable,invalid,secant,-0.1428,5.57,1.895
8.6,73,2.2,4.225,3.05,desfavorable,invalid,exterior,-0.7713,5.647,1.911
8.6,75,2.2,4.225,3.05,desfavorable,invalid,exterior,-2.6462,5.717,1.926
8.8,15,2.2,4.225,3.05,desfavorable,invalid,exterior,-0.8211,2.464,0.941
8.8,17,2.2,4.225,3.05,desfavorable,invalid,exterior,-0.686,2.537,0.982
8.8,19,2.2,4.225,3.05,desfavorable,invalid,exterior,-0.5513,2.618,1.023
8.8,21,2.2,4.225,3.05,desfavorable,invalid,exterior,-0.4168,2.707,1.064
8.8,23,2.2,4.225,3.05,desfavorable,invalid,exterior,-0.2824,2.803,1.106
8.8,25,2.2,4.225,3.05,desfavorable,invalid,secant,-0.1477,2.905,1.149
8.8,27,2.2,4.225,3.05,desfavorable,invalid,secant,-0.0128,3.014,1.191
8.8,29,2.2,4.225,3.05,favorable,valid,interior,0.0947,3.128,1.233
8.8,31,2.2,4.225,3.05,desfavorable,invalid,secant,-0.0412,3.247,1.276
8.8,33,2.2,4.225,3.05,desfavorable,invalid,secant,-0.1777,3.371,1.318
8.8,35,2.2,4.225,3.05,desfavorable,invalid,exterior,-0.3148,3.499,1.359
8.8,37,2.2,4.225,3.05,desfavorable,invalid,exterior,-0.4525,3.63,1.4
8.8,39,2.2,4.225,3.05,desfavorable,invalid,exterior,-0.5907,3.763,1.44
8.8,41,2.2,4.225,3.05,desfavorable,invalid,exterior,-0.7291,3.899,1.48
8.8,43,2.2,4.225,3.05,desfavorable,invalid,exterior,-0.8674,4.036,1.519
8.8,45,2.2,4.225,3.05,desfavorable,invalid,exterior,-1.0051,4.173,1.557
8.8,47,2.2,4.225,3.05,desfavorable,invalid,exterior,-1.1413,4.311,1.594
8.8,49,2.2,4.225,3.05,desfavorable,invalid,exterior,-1.2748,4.448,1.629
8.8,51,2.2,4.225,3.05,desfavorable,invalid,exterior,-1.404,4.584,1.664
8.8,53,2.2,4.225,3.05,desfavorable,invalid,exterior,-1.5264,4.717,1.697
8.8,55,2.2,4.225,3.05,desfavorable,invalid,exterior,-1.6386,4.848,1.729
8.8,57,2.2,4.225,3.05,desfavorable,invalid,exterior,-1.7357,4.976,1.76
8.8,59,2.2,4.225,3.05,desfavorable,invalid,exterior,-1.8106,5.1,1.789
8.8,61,2.2,4.225,3.05,desfavorable,invalid,exterior,-1.8531,5.219,1.816
8.8,63,2.2,4.225,3.05,desfavorable,invalid,exterior,-1.8477,5.333,1.842
8.8,65,2.2,4.225,3.05,desfavorable,invalid,exterior,-1.7716,5.442,1.866
8.8,67,2.2,4.225,3.05,desfavorable,invalid,exterior,-1.5891,5.544,1.889
8.8,69,2.2,4.225,3.05,desfavorable,invalid,exterior,-1.2441,5.64,1.91
8.8,71,2.2,4.225,3.05,desfavorable,invalid,exterior,-0.6447,5.729,1.929
8.8,73,2.2,4.225,3.05,desfavorable,invalid,secant,-0.1489,5.81,1.946
8.8,75,2.2,4.225,3.05,desfavorable,invalid,exterior,-1.852,5.883,1.962
9,15,2.2,4.225,3.05,desfavorable,invalid,exterior,-0.7679,2.477,0.948
9,17,2.2,4.225,3.05,desfavorable,invalid,exterior,-0.6317,2.553,0.99
9,19,2.2,4.225,3.05,desfavorable,invalid,exterior,-0.4957,2.638,1.032
9,21,2.2,4.225,3.05,desfavorable,invalid,exterior,-0.3598,2.73,1.075
9,23,2.2,4.225,3.05,desfavorable,invalid,secant,-0.2237,2.83,1.118
9,25,2.2,4.225,3.05,desfavorable,invalid,secant,-0.0873,2.937,1.162
9,27,2.2,4.225,3.05,favorable,valid,interior,0.0498,3.051,1.205
9,29,2.2,4.225,3.05,favorable,valid,interior,0.0297,3.17,1.249
9,31,2.2,4.225,3.05,desfavorable,invalid,secant,-0.1088,3.295,1.292
9,33,2.2,4.225,3.05,desfavorable,invalid,exterior,-0.2483,3.425,1.335
9,35,2.2,4.225,3.05,desfavorable,invalid,exterior,-0.3888,3.558,1.378
9,37,2.2,4.225,3.05,desfavorable,invalid,exterior,-0.5304,3.695,1.42
9,39,2.2,4.225,3.05,desfavorable,invalid,exterior,-0.6729,3.835,1.462
9,41,2.2,4.225,3.05,desfavorable,invalid,exterior,-0.8163,3.977,1.502
9,43,2.2,4.225,3.05,desfavorable,invalid,exterior,-0.9603,4.12,1.542
9,45,2.2,4.225,3.05,desfavorable,invalid,exterior,-1.1045,4.264,1.581
9,47,2.2,4.225,3.05,desfavorable,invalid,exterior,-1.2481,4.408,1.619
9,49,2.2,4.225,3.05,desfavorable,invalid,exterior,-1.3903,4.552,1.656
9,51,2.2,4.225,3.05,desfavorable,invalid,exterior,-1.5295,4.693,1.691
9,53,2.2,4.225,3.05,desfavorable,invalid,exterior,-1.6636,4.833,1.725
9,55,2.2,4.225,3.05,desfavorable,invalid,exterior,-1.7896,4.97,1.758
9,57,2.2,4.225,3.05,desfavorable,invalid,exterior,-1.9032,5.104,1.789
9,59,2.2,4.225,3.05,desfavorable,invalid,exterior,-1.998,5.233,1.819
9,61,2.2,4.225,3.05,desfavorable,invalid,exterior,-2.0645,5.358,1.848
9,63,2.2,4.225,3.05,desfavorable,invalid,exterior,-2.0888,5.478,1.874
9,65,2.2,4.225,3.05,desfavorable,invalid,exterior,-2.0498,5.591,1.899
9,67,2.2,4.225,3.05,desfavorable,invalid,exterior,-1.9146,5.698,1.922
9,69,2.2,4.225,3.05,desfavorable,invalid,exterior,-1.6311,5.798,1.944
9,71,2.2,4.225,3.05,desfavorable,invalid,exterior,-1.1135,5.891,1.963
9,73,2.2,4.225,3.05,desfavorable,invalid,secant,-0.2152,5.976,1.981
9,75,2.2,4.225,3.05,desfavorable,invalid,exterior,-1.1102,6.052,1.997
9.2,15,2.2,4.225,3.05,desfavorable,invalid,exterior,-0.7181,2.489,0.955
9.2,17,2.2,4.225,3.05,desfavorable,invalid,exterior,-0.5808,2.569,0.998
9.2,19,2.2,4.225,3.05,desfavorable,invalid,exterior,-0.4437,2.657,1.041
9.2,21,2.2,4.225,3.05,desfavorable,invalid,exterior,-0.3065,2.754,1.085
9.2,23,2.2,4.225,3.05,desfavorable,invalid,secant,-0.1689,2.859,1.13
9.2,25,2.2,4.225,3.05,desfavorable,invalid,secant,-0.0307,2.971,1.175
9.2,27,2.2,4.225,3.05,favorable,valid,concentric,0.1083,3.089,1.219
9.2,29,2.2,4.225,3.05,desfavorable,invalid,secant,-0.031,3.214,1.264
9.2,31,2.2,4.225,3.05,desfavorable,invalid,secant,-0.1721,3.344,1.309
9.2,33,2.2,4.225,3.05,desfavorable,invalid,exterior,-0.3144,3.48,1.353
9.2,35,2.2,4.225,3.05,desfavorable,invalid,exterior,-0.4581,3.619,1.397
9.2,37,2.2,4.225,3.05,desfavorable,invalid,exterior,-0.6033,3.762,1.44
9.2,39,2.2,4.225,3.05,desfavorable,invalid,exterior,-0.7499,3.909,1.483
9.2,41,2.2,4.225,3.05,desfavorable,invalid,exterior,-0.898,4.057,1.525
9.2,43,2.2,4.225,3.05,desfavorable,invalid,exterior,-1.0473,4.207,1.566
9.2,45,2.2,4.225,3.05,desfavorable,invalid,exterior,-1.1975,4.357,1.606
9.2,47,2.2,4.225,3.05,desfavorable,invalid,exterior,-1.3481,4.507,1.644
9.2,49,2.2,4.225,3.05,desfavorable,invalid,exterior,-1.4983,4.657,1.682
9.2,51,2.2,4.225,3.05,desfavorable,invalid,exterior,-1.6468,4.805,1.719
9.2,53,2.2,4.225,3.05,desfavorable,invalid,exterior,-1.792,4.952,1.754
9.2,55,2.2,4.225,3.05,desfavorable,invalid,exterior,-1.931,5.095,1.787
9.2,57,2.2,4.225,3.05,desfavorable,invalid,exterior,-2.0599,5.234,1.82
9.2,59,2.2,4.225,3.05,desfavorable,invalid,exterior,-2.1732,5.37,1.85
9.2,61,2.2,4.225,3.05,desfavorable,invalid,exterior,-2.2623,5.5,1.879
9.2,63,2.2,4.225,3.05,desfavorable,invalid,exterior,-2.3144,5.625,1.906
9.2,65,2.2,4.225,3.05,desfavorable,invalid,exterior,-2.3101,5.743,1.932
9.2,67,2.2,4.225,3.05,desfavorable,invalid,exterior,-2.2191,5.855,1.956
9.2,69,2.2,4.225,3.05,desfavorable,invalid,exterior,-1.993,5.96,1.978
9.2,71,2.2,4.225,3.05,desfavorable,invalid,exterior,-1.5521,6.057,1.998
9.2,73,2.2,4.225,3.05,desfavorable,invalid,exterior,-0.7591,6.145,2.016
9.2,75,2.2,4.225,3.05,desfavorable,invalid,exterior,-0.4162,6.225,2.032
9.4,15,2.2,4.225,3.05,desfavorable,invalid,exterior,-0.6714,2.502,0.962
9.4,17,2.2,4.225,3.05,desfavorable,invalid,exterior,-0.5332,2.585,1.006
9.4,19,2.2,4.225,3.05,desfavorable,invalid,exterior,-0.395,2.677,1.051
9.4,21,2.2,4.225,3.05,desfavorable,invalid,exterior,-0.2565,2.778,1.096
9.4,23,2.2,4.225,3.05,desfavorable,invalid,secant,-0.1175,2.888,1.142
9.4,25,2.2,4.225,3.05,favorable,valid,interior,0.0224,3.004,1.188
9.4,27,2.2,4.225,3.05,favorable,valid,interior,0.054,3.128,1.234
9.4,29,2.2,4.225,3.05,desfavorable,invalid,secant,-0.088,3.259,1.28
9.4,31,2.2,4.225,3.05,desfavorable,invalid,secant,-0.2314,3.395,1.325
9.4,33,2.2,4.225,3.05,desfavorable,invalid,exterior,-0.3763,3.536,1.371
9.4,35,2.2,4.225,3.05,desfavorable,invalid,exterior,-0.523,3.682,1.416
9.4,37,2.2,4.225,3.05,desfavorable,invalid,exterior,-0.6716,3.831,1.46
9.4,39,2.2,4.225,3.05,desfavorable,invalid,exterior,-0.822,3.984,1.504
9.4,41,2.2,4.225,3.05,desfavorable,invalid,exterior,-0.9744,4.138,1.547
9.4,43,2.2,4.225,3.05,desfavorable,invalid,exterior,-1.1287,4.295,1.589
9.4,45,2.2,4.225,3.05,desfavorable,invalid,exterior,-1.2846,4.452,1.63
9.4,47,2.2,4.225,3.05,desfavorable,invalid,exterior,-1.4417,4.609,1.67
9.4,49,2.2,4.225,3.05,desfavorable,invalid,exterior,-1.5995,4.765,1.709
9.4,51,2.2,4.225,3.05,desfavorable,invalid,exterior,-1.7568,4.92,1.746
9.4,53,2.2,4.225,3.05,desfavorable,invalid,exterior,-1.9122,5.072,1.782
9.4,55,2.2,4.225,3.05,desfavorable,invalid,exterior,-2.0633,5.222,1.817
9.4,57,2.2,4.225,3.05,desfavorable,invalid,exterior,-2.2068,5.368,1.85
9.4,59,2.2,4.225,3.05,desfavorable,invalid,exterior,-2.3374,5.509,1.881
9.4,61,2.2,4.225,3.05,desfavorable,invalid,exterior,-2.4476,5.645,1.911
9.4,63,2.2,4.225,3.05,desfavorable,invalid,exterior,-2.5257,5.775,1.939
9.4,65,2.2,4.225,3.05,desfavorable,invalid,exterior,-2.5539,5.899,1.965
9.4,67,2.2,4.225,3.05,desfavorable,invalid,exterior,-2.5043,6.016,1.99
9.4,69,2.2,4.225,3.05,desfavorable,invalid,exterior,-2.3321,6.125,2.012
9.4,71,2.2,4.225,3.05,desfavorable,invalid,exterior,-1.963,6.226,2.033
9.4,73,2.2,4.225,3.05,desfavorable,invalid,exterior,-1.2685,6.319,2.051
9.4,75,2.2,4.225,3.05,desfavorable,invalid,secant,-0.0167,6.402,2.068
9.6,15,2.2,4.225,3.05,desfavorable,invalid,exterior,-0.6276,2.515,0.969
9.6,17,2.2,4.225,3.05,desfavorable,invalid,exterior,-0.4885,2.602,1.014
9.6,19,2.2,4.225,3.05,desfavorable,invalid,exterior,-0.3493,2.698,1.06
9.6,21,2.2,4.225,3.05,desfavorable,invalid,secant,-0.2096,2.803,1.107
9.6,23,2.2,4.225,3.05,desfavorable,invalid,secant,-0.0692,2.917,1.154
9.6,25,2.2,4.225,3.05,favorable,valid,interior,0.0721,3.039,1.201
9.6,27,2.2,4.225,3.05,favorable,boundary,tangent-interior,0.0026,3.168,1.248
9.6,29,2.2,4.225,3.05,desfavorable,invalid,secant,-0.1414,3.304,1.295
9.6,31,2.2,4.225,3.05,desfavorable,invalid,exterior,-0.287,3.446,1.342
9.6,33,2.2,4.225,3.05,desfavorable,invalid,exterior,-0.4344,3.593,1.389
9.6,35,2.2,4.225,3.05,desfavorable,invalid,exterior,-0.5839,3.745,1.435
9.6,37,2.2,4.225,3.05,desfavorable,invalid,exterior,-0.7356,3.901,1.481
9.6,39,2.2,4.225,3.05,desfavorable,invalid,exterior,-0.8897,4.06,1.526
9.6,41,2.2,4.225,3.05,desfavorable,invalid,exterior,-1.0462,4.222,1.57
9.6,43,2.2,4.225,3.05,desfavorable,invalid,exterior,-1.2051,4.385,1.613
9.6,45,2.2,4.225,3.05,desfavorable,invalid,exterior,-1.3663,4.549,1.655
9.6,47,2.2,4.225,3.05,desfavorable,invalid,exterior,-1.5296,4.712,1.696
9.6,49,2.2,4.225,3.05,desfavorable,invalid,exterior,-1.6944,4.875,1.736
9.6,51,2.2,4.225,3.05,desfavorable,invalid,exterior,-1.86,5.037,1.774
9.6,53,2.2,4.225,3.05,desfavorable,invalid,exterior,-2.025,5.196,1.811
9.6,55,2.2,4.225,3.05,desfavorable,invalid,exterior,-2.1875,5.352,1.846
9.6,57,2.2,4.225,3.05,desfavorable,invalid,exterior,-2.3445,5.504,1.88
9.6,59,2.2,4.225,3.05,desfavorable,invalid,exterior,-2.4914,5.651,1.912
9.6,61,2.2,4.225,3.05,desfavorable,invalid,exterior,-2.6214,5.793,1.943
9.6,63,2.2,4.225,3.05,desfavorable,invalid,exterior,-2.7239,5.929,1.971
9.6,65,2.2,4.225,3.05,desfavorable,invalid,exterior,-2.7827,6.058,1.998
9.6,67,2.2,4.225,3.05,desfavorable,invalid,exterior,-2.772,6.18,2.023
9.6,69,2.2,4.225,3.05,desfavorable,invalid,exterior,-2.6503,6.294,2.046
9.6,71,2.2,4.225,3.05,desfavorable,invalid,exterior,-2.3484,6.399,2.067
9.6,73,2.2,4.225,3.05,desfavorable,invalid,exterior,-1.7465,6.496,2.087
9.6,75,2.2,4.225,3.05,desfavorable,invalid,exterior,-0.6267,6.583,2.104
9.8,15,2.2,4.225,3.05,desfavorable,invalid,exterior,-0.5864,2.528,0.976
9.8,17,2.2,4.225,3.05,desfavorable,invalid,exterior,-0.4466,2.618,1.023
9.8,19,2.2,4.225,3.05,desfavorable,invalid,exterior,-0.3064,2.719,1.07
9.8,21,2.2,4.225,3.05,desfavorable,invalid,secant,-0.1656,2.829,1.117
9.8,23,2.2,4.225,3.05,desfavorable,invalid,secant,-0.0239,2.947,1.165
9.8,25,2.2,4.225,3.05,favorable,valid,interior,0.0984,3.074,1.214
9.8,27,2.2,4.225,3.05,desfavorable,invalid,secant,-0.0458,3.209,1.262
9.8,29,2.2,4.225,3.05,desfavorable,invalid,secant,-0.1916,3.351,1.311
9.8,31,2.2,4.225,3.05,desfavorable,invalid,exterior,-0.3392,3.498,1.359
9.8,33,2.2,4.225,3.05,desfavorable,invalid,exterior,-0.489,3.652,1.407
9.8,35,2.2,4.225,3.05,desfavorable,invalid,exterior,-0.6411,3.81,1.454
9.8,37,2.2,4.225,3.05,desfavorable,invalid,exterior,-0.7958,3.973,1.501
9.8,39,2.2,4.225,3.05,desfavorable,invalid,exterior,-0.9532,4.139,1.547
9.8,41,2.2,4.225,3.05,desfavorable,invalid,exterior,-1.1135,4.307,1.592
9.8,43,2.2,4.225,3.05,desfavorable,invalid,exterior,-1.2768,4.477,1.637
9.8,45,2.2,4.225,3.05,desfavorable,invalid,exterior,-1.443,4.648,1.68
9.8,47,2.2,4.225,3.05,desfavorable,invalid,exterior,-1.6121,4.818,1.722
9.8,49,2.2,4.225,3.05,desfavorable,invalid,exterior,-1.7836,4.988,1.762
9.8,51,2.2,4.225,3.05,desfavorable,invalid,exterior,-1.9569,5.156,1.802
9.8,53,2.2,4.225,3.05,desfavorable,invalid,exterior,-2.131,5.322,1.839
9.8,55,2.2,4.225,3.05,desfavorable,invalid,exterior,-2.3042,5.485,1.876
9.8,57,2.2,4.225,3.05,desfavorable,invalid,exterior,-2.4739,5.643,1.91
9.8,59,2.2,4.225,3.05,desfavorable,invalid,exterior,-2.6361,5.797,1.943
9.8,61,2.2,4.225,3.05,desfavorable,invalid,exterior,-2.7847,5.944,1.975
9.8,63,2.2,4.225,3.05,desfavorable,invalid,exterior,-2.9101,6.086,2.004
9.8,65,2.2,4.225,3.05,desfavorable,invalid,exterior,-2.9976,6.221,2.032
9.8,67,2.2,4.225,3.05,desfavorable,invalid,exterior,-3.0234,6.348,2.057
9.8,69,2.2,4.225,3.05,desfavorable,invalid,exterior,-2.9491,6.466,2.081
9.8,71,2.2,4.225,3.05,desfavorable,invalid,exterior,-2.7105,6.576,2.102
9.8,73,2.2,4.225,3.05,desfavorable,invalid,exterior,-2.1955,6.677,2.122
9.8,75,2.2,4.225,3.05,desfavorable,invalid,exterior,-1.1996,6.767,2.14
10,15,2.2,4.225,3.05,desfavorable,invalid,exterior,-0.5478,2.541,0.984
10,17,2.2,4.225,3.05,desfavorable,invalid,exterior,-0.4071,2.636,1.031
10,19,2.2,4.225,3.05,desfavorable,invalid,exterior,-0.266,2.74,1.079
10,21,2.2,4.225,3.05,desfavorable,invalid,secant,-0.1242,2.855,1.128
10,23,2.2,4.225,3.05,favorable,valid,interior,0.0187,2.978,1.178
10,25,2.2,4.225,3.05,favorable,valid,interior,0.0544,3.11,1.227
10,27,2.2,4.225,3.05,desfavorable,invalid,secant,-0.0913,3.25,1.277
10,29,2.2,4.225,3.05,desfavorable,invalid,tangent-exterior,-0.2388,3.398,1.327
10,31,2.2,4.225,3.05,desfavorable,invalid,exterior,-0.3884,3.552,1.376
10,33,2.2,4.225,3.05,desfavorable,invalid,exterior,-0.5403,3.712,1.425
10,35,2.2,4.225,3.05,desfavorable,invalid,exterior,-0.6949,3.877,1.474
10,37,2.2,4.225,3.05,desfavorable,invalid,exterior,-0.8524,4.046,1.522
10,39,2.2,4.225,3.05,desfavorable,invalid,exterior,-1.013,4.219,1.569
10,41,2.2,4.225,3.05,desfavorable,invalid,exterior,-1.1769,4.394,1.615
10,43,2.2,4.225,3.05,desfavorable,invalid,exterior,-1.3443,4.571,1.661
10,45,2.2,4.225,3.05,desfavorable,invalid,exterior,-1.5153,4.748,1.705
10,47,2.2,4.225,3.05,desfavorable,invalid,exterior,-1.6897,4.926,1.748
10,49,2.2,4.225,3.05,desfavorable,invalid,exterior,-1.8674,5.103,1.789
10,51,2.2,4.225,3.05,desfavorable,invalid,exterior,-2.048,5.278,1.83
10,53,2.2,4.225,3.05,desfavorable,invalid,exterior,-2.2307,5.451,1.868
10,55,2.2,4.225,3.05,desfavorable,invalid,exterior,-2.4139,5.62,1.905
10,57,2.2,4.225,3.05,desfavorable,invalid,exterior,-2.5956,5.785,1.941
10,59,2.2,4.225,3.05,desfavorable,invalid,exterior,-2.7722,5.945,1.975
10,61,2.2,4.225,3.05,desfavorable,invalid,exterior,-2.9383,6.099,2.007
10,63,2.2,4.225,3.05,desfavorable,invalid,exterior,-3.0853,6.246,2.037
10,65,2.2,4.225,3.05,desfavorable,invalid,exterior,-3.1997,6.387,2.065
10,67,2.2,4.225,3.05,desfavorable,invalid,exterior,-3.2598,6.519,2.091
10,69,2.2,4.225,3.05,desfavorable,invalid,exterior,-3.2303,6.642,2.115
10,71,2.2,4.225,3.05,desfavorable,invalid,exterior,-3.0511,6.757,2.137
10,73,2.2,4.225,3.05,desfavorable,invalid,exterior,-2.6179,6.861,2.158
10,75,2.2,4.225,3.05,desfavorable,invalid,exterior,-1.7386,6.955,2.175
10.2,15,2.2,4.225,3.05,desfavorable,invalid,exterior,-0.5113,2.555,0.991
10.2,17,2.2,4.225,3.05,desfavorable,invalid,exterior,-0.3699,2.653,1.039
10.2,19,2.2,4.225,3.05,desfavorable,invalid,secant,-0.228,2.762,1.089
10.2,21,2.2,4.225,3.05,desfavorable,invalid,secant,-0.0852,2.881,1.139
10.2,23,2.2,4.225,3.05,favorable,valid,interior,0.0588,3.01,1.19
10.2,25,2.2,4.225,3.05,favorable,valid,interior,0.013,3.147,1.24
10.2,27,2.2,4.225,3.05,desfavorable,invalid,secant,-0.1341,3.293,1.291
10.2,29,2.2,4.225,3.05,desfavorable,invalid,exterior,-0.2832,3.446,1.342
10.2,31,2.2,4.225,3.05,desfavorable,invalid,exterior,-0.4346,3.607,1.393
10.2,33,2.2,4.225,3.05,desfavorable,invalid,exterior,-0.5887,3.773,1.443
10.2,35,2.2,4.225,3.05,desfavorable,invalid,exterior,-0.7456,3.945,1.493
10.2,37,2.2,4.225,3.05,desfavorable,invalid,exterior,-0.9057,4.121,1.542
10.2,39,2.2,4.225,3.05,desfavorable,invalid,exterior,-1.0693,4.3,1.591
10.2,41,2.2,4.225,3.05,desfavorable,invalid,exterior,-1.2366,4.482,1.638
10.2,43,2.2,4.225,3.05,desfavorable,invalid,exterior,-1.4079,4.666,1.684
10.2,45,2.2,4.225,3.05,desfavorable,invalid,exterior,-1.5833,4.851,1.73
10.2,47,2.2,4.225,3.05,desfavorable,invalid,exterior,-1.7628,5.036,1.774
10.2,49,2.2,4.225,3.05,desfavorable,invalid,exterior,-1.9464,5.22,1.816
10.2,51,2.2,4.225,3.05,desfavorable,invalid,exterior,-2.1339,5.403,1.858
10.2,53,2.2,4.225,3.05,desfavorable,invalid,exterior,-2.3245,5.582,1.897
10.2,55,2.2,4.225,3.05,desfavorable,invalid,exterior,-2.5173,5.758,1.935
10.2,57,2.2,4.225,3.05,desfavorable,invalid,exterior,-2.7102,5.93,1.972
10.2,59,2.2,4.225,3.05,desfavorable,invalid,exterior,-2.9004,6.096,2.006
10.2,61,2.2,4.225,3.05,desfavorable,invalid,exterior,-3.083,6.256,2.039
10.2,63,2.2,4.225,3.05,desfavorable,invalid,exterior,-3.2502,6.41,2.07
10.2,65,2.2,4.225,3.05,desfavorable,invalid,exterior,-3.39,6.556,2.098
10.2,67,2.2,4.225,3.05,desfavorable,invalid,exterior,-3.4825,6.693,2.125
10.2,69,2.2,4.225,3.05,desfavorable,invalid,exterior,-3.495,6.822,2.15
10.2,71,2.2,4.225,3.05,desfavorable,invalid,exterior,-3.3719,6.941,2.173
10.2,73,2.2,4.225,3.05,desfavorable,invalid,exterior,-3.0156,7.049,2.193
10.2,75,2.2,4.225,3.05,desfavorable,invalid,exterior,-2.2461,7.148,2.211
10.4,15,2.2,4.225,3.05,desfavorable,invalid,exterior,-0.477,2.569,0.998
10.4,17,2.2,4.225,3.05,desfavorable,invalid,exterior,-0.3349,2.671,1.048
10.4,19,2.2,4.225,3.05,desfavorable,invalid,secant,-0.1921,2.784,1.099
10.4,21,2.2,4.225,3.05,desfavorable,invalid,secant,-0.0484,2.908,1.15
10.4,23,2.2,4.225,3.05,favorable,valid,interior,0.0966,3.042,1.202
10.4,25,2.2,4.225,3.05,desfavorable,invalid,secant,-0.026,3.185,1.254
10.4,27,2.2,4.225,3.05,desfavorable,invalid,secant,-0.1745,3.336,1.306
10.4,29,2.2,4.225,3.05,desfavorable,invalid,exterior,-0.3251,3.496,1.358
10.4,31,2.2,4.225,3.05,desfavorable,invalid,exterior,-0.4783,3.662,1.41
10.4,33,2.2,4.225,3.05,desfavorable,invalid,exterior,-0.6342,3.835,1.462
10.4,35,2.2,4.225,3.05,desfavorable,invalid,exterior,-0.7934,4.014,1.513
10.4,37,2.2,4.225,3.05,desfavorable,invalid,exterior,-0.956,4.197,1.563
10.4,39,2.2,4.225,3.05,desfavorable,invalid,exterior,-1.1224,4.383,1.612
10.4,41,2.2,4.225,3.05,desfavorable,invalid,exterior,-1.2929,4.573,1.661
10.4,43,2.2,4.225,3.05,desfavorable,invalid,exterior,-1.4678,4.764,1.709
10.4,45,2.2,4.225,3.05,desfavorable,invalid,exterior,-1.6474,4.956,1.755
10.4,47,2.2,4.225,3.05,desfavorable,invalid,exterior,-1.8317,5.149,1.8
10.4,49,2.2,4.225,3.05,desfavorable,invalid,exterior,-2.0209,5.34,1.843
10.4,51,2.2,4.225,3.05,desfavorable,invalid,exterior,-2.2148,5.529,1.886
10.4,53,2.2,4.225,3.05,desfavorable,invalid,exterior,-2.4131,5.716,1.926
10.4,55,2.2,4.225,3.05,desfavorable,invalid,exterior,-2.6147,5.899,1.965
10.4,57,2.2,4.225,3.05,desfavorable,invalid,exterior,-2.8183,6.077,2.002
10.4,59,2.2,4.225,3.05,desfavorable,invalid,exterior,-3.0212,6.25,2.038
10.4,61,2.2,4.225,3.05,desfavorable,invalid,exterior,-3.2193,6.417,2.071
10.4,63,2.2,4.225,3.05,desfavorable,invalid,exterior,-3.4058,6.577,2.103
10.4,65,2.2,4.225,3.05,desfavorable,invalid,exterior,-3.5695,6.728,2.132
10.4,67,2.2,4.225,3.05,desfavorable,invalid,exterior,-3.6925,6.871,2.159
10.4,69,2.2,4.225,3.05,desfavorable,invalid,exterior,-3.7446,7.005,2.185
10.4,71,2.2,4.225,3.05,desfavorable,invalid,exterior,-3.6744,7.128,2.208
10.4,73,2.2,4.225,3.05,desfavorable,invalid,exterior,-3.3906,7.242,2.229
10.4,75,2.2,4.225,3.05,desfavorable,invalid,exterior,-2.7247,7.343,2.248
10.6,15,2.2,4.225,3.05,desfavorable,invalid,exterior,-0.4445,2.584,1.005
10.6,17,2.2,4.225,3.05,desfavorable,invalid,exterior,-0.3018,2.69,1.056
10.6,19,2.2,4.225,3.05,desfavorable,invalid,secant,-0.1583,2.807,1.108
10.6,21,2.2,4.225,3.05,desfavorable,invalid,secant,-0.0137,2.935,1.161
10.6,23,2.2,4.225,3.05,favorable,valid,interior,0.0849,3.074,1.214
10.6,25,2.2,4.225,3.05,desfavorable,invalid,secant,-0.0628,3.223,1.267
10.6,27,2.2,4.225,3.05,desfavorable,invalid,secant,-0.2126,3.38,1.321
10.6,29,2.2,4.225,3.05,desfavorable,invalid,exterior,-0.3647,3.546,1.374
10.6,31,2.2,4.225,3.05,desfavorable,invalid,exterior,-0.5194,3.719,1.427
10.6,33,2.2,4.225,3.05,desfavorable,invalid,exterior,-0.6773,3.899,1.48
10.6,35,2.2,4.225,3.05,desfavorable,invalid,exterior,-0.8385,4.084,1.532
10.6,37,2.2,4.225,3.05,desfavorable,invalid,exterior,-1.0034,4.274,1.584
10.6,39,2.2,4.225,3.05,desfavorable,invalid,exterior,-1.1725,4.468,1.634
10.6,41,2.2,4.225,3.05,desfavorable,invalid,exterior,-1.346,4.665,1.684
10.6,43,2.2,4.225,3.05,desfavorable,invalid,exterior,-1.5244,4.864,1.733
10.6,45,2.2,4.225,3.05,desfavorable,invalid,exterior,-1.7079,5.063,1.78
10.6,47,2.2,4.225,3.05,desfavorable,invalid,exterior,-1.8968,5.263,1.826
10.6,49,2.2,4.225,3.05,desfavorable,invalid,exterior,-2.0912,5.462,1.871
10.6,51,2.2,4.225,3.05,desfavorable,invalid,exterior,-2.2912,5.659,1.914
10.6,53,2.2,4.225,3.05,desfavorable,invalid,exterior,-2.4966,5.853,1.955
10.6,55,2.2,4.225,3.05,desfavorable,invalid,exterior,-2.7067,6.043,1.995
10.6,57,2.2,4.225,3.05,desfavorable,invalid,exterior,-2.9203,6.228,2.033
10.6,59,2.2,4.225,3.05,desfavorable,invalid,exterior,-3.1353,6.408,2.069
10.6,61,2.2,4.225,3.05,desfavorable,invalid,exterior,-3.3481,6.581,2.103
10.6,63,2.2,4.225,3.05,desfavorable,invalid,exterior,-3.5526,6.746,2.136
10.6,65,2.2,4.225,3.05,desfavorable,invalid,exterior,-3.739,6.904,2.166
10.6,67,2.2,4.225,3.05,desfavorable,invalid,exterior,-3.8907,7.052,2.194
10.6,69,2.2,4.225,3.05,desfavorable,invalid,exterior,-3.9802,7.191,2.22
10.6,71,2.2,4.225,3.05,desfavorable,invalid,exterior,-3.9598,7.32,2.243
10.6,73,2.2,4.225,3.05,desfavorable,invalid,exterior,-3.7446,7.437,2.265
10.6,75,2.2,4.225,3.05,desfavorable,invalid,exterior,-3.1764,7.543,2.284
10.8,15,2.2,4.225,3.05,desfavorable,invalid,exterior,-0.4139,2.598,1.013
10.8,17,2.2,4.225,3.05,desfavorable,invalid,exterior,-0.2705,2.708,1.065
10.8,19,2.2,4.225,3.05,desfavorable,invalid,secant,-0.1263,2.83,1.118
10.8,21,2.2,4.225,3.05,favorable,valid,interior,0.0192,2.963,1.172
10.8,23,2.2,4.225,3.05,favorable,valid,interior,0.0511,3.108,1.226
10.8,25,2.2,4.225,3.05,desfavorable,invalid,secant,-0.0977,3.262,1.281
10.8,27,2.2,4.225,3.05,desfavorable,invalid,exterior,-0.2486,3.425,1.335
10.8,29,2.2,4.225,3.05,desfavorable,invalid,exterior,-0.402,3.597,1.39
10.8,31,2.2,4.225,3.05,desfavorable,invalid,exterior,-0.5584,3.777,1.445
10.8,33,2.2,4.225,3.05,desfavorable,invalid,exterior,-0.7179,3.963,1.499
10.8,35,2.2,4.225,3.05,desfavorable,invalid,exterior,-0.8811,4.156,1.552
10.8,37,2.2,4.225,3.05,desfavorable,invalid,exterior,-1.0482,4.353,1.605
10.8,39,2.2,4.225,3.05,desfavorable,invalid,exterior,-1.2198,4.554,1.656
10.8,41,2.2,4.225,3.05,desfavorable,invalid,exterior,-1.3962,4.759,1.707
10.8,43,2.2,4.225,3.05,desfavorable,invalid,exterior,-1.5778,4.965,1.757
10.8,45,2.2,4.225,3.05,desfavorable,invalid,exterior,-1.7651,5.172,1.805
10.8,47,2.2,4.225,3.05,desfavorable,invalid,exterior,-1.9583,5.38,1.852
10.8,49,2.2,4.225,3.05,desfavorable,invalid,exterior,-2.1577,5.586,1.898
10.8,51,2.2,4.225,3.05,desfavorable,invalid,exterior,-2.3634,5.79,1.942
10.8,53,2.2,4.225,3.05,desfavorable,invalid,exterior,-2.5755,5.992,1.984
10.8,55,2.2,4.225,3.05,desfavorable,invalid,exterior,-2.7936,6.189,2.025
10.8,57,2.2,4.225,3.05,desfavorable,invalid,exterior,-3.0167,6.381,2.064
10.8,59,2.2,4.225,3.05,desfavorable,invalid,exterior,-3.2431,6.568,2.101
10.8,61,2.2,4.225,3.05,desfavorable,invalid,exterior,-3.4697,6.748,2.136
10.8,63,2.2,4.225,3.05,desfavorable,invalid,exterior,-3.6913,6.92,2.169
10.8,65,2.2,4.225,3.05,desfavorable,invalid,exterior,-3.899,7.083,2.199
10.8,67,2.2,4.225,3.05,desfavorable,invalid,exterior,-4.078,7.237,2.228
10.8,69,2.2,4.225,3.05,desfavorable,invalid,exterior,-4.2029,7.381,2.255
10.8,71,2.2,4.225,3.05,desfavorable,invalid,exterior,-4.2296,7.515,2.279
10.8,73,2.2,4.225,3.05,desfavorable,invalid,exterior,-4.0791,7.637,2.301
10.8,75,2.2,4.225,3.05,desfavorable,invalid,exterior,-3.6033,7.747,2.32
11,15,2.2,4.225,3.05,desfavorable,invalid,exterior,-0.3849,2.613,1.02
11,17,2.2,4.225,3.05,desfavorable,invalid,tangent-exterior,-0.2409,2.727,1.073
11,19,2.2,4.225,3.05,desfavorable,invalid,secant,-0.096,2.854,1.128
11,21,2.2,4.225,3.05,favorable,valid,interior,0.0502,2.992,1.183
11,23,2.2,4.225,3.05,favorable,valid,interior,0.0192,3.142,1.238
11,25,2.2,4.225,3.05,desfavorable,invalid,secant,-0.1306,3.301,1.294
11,27,2.2,4.225,3.05,desfavorable,invalid,exterior,-0.2827,3.471,1.35
11,29,2.2,4.225,3.05,desfavorable,invalid,exterior,-0.4374,3.65,1.406
11,31,2.2,4.225,3.05,desfavorable,invalid,exterior,-0.5952,3.836,1.462
11,33,2.2,4.225,3.05,desfavorable,invalid,exterior,-0.7564,4.029,1.517
11,35,2.2,4.225,3.05,desfavorable,invalid,exterior,-0.9214,4.229,1.572
11,37,2.2,4.225,3.05,desfavorable,invalid,exterior,-1.0907,4.434,1.626
11,39,2.2,4.225,3.05,desfavorable,invalid,exterior,-1.2646,4.642,1.679
11,41,2.2,4.225,3.05,desfavorable,invalid,exterior,-1.4437,4.854,1.73
11,43,2.2,4.225,3.05,desfavorable,invalid,exterior,-1.6284,5.068,1.781
11,45,2.2,4.225,3.05,desfavorable,invalid,exterior,-1.8192,5.284,1.831
11,47,2.2,4.225,3.05,desfavorable,invalid,exterior,-2.0164,5.499,1.879
11,49,2.2,4.225,3.05,desfavorable,invalid,exterior,-2.2205,5.713,1.925
11,51,2.2,4.225,3.05,desfavorable,invalid,exterior,-2.4317,5.925,1.97
11,53,2.2,4.225,3.05,desfavorable,invalid,exterior,-2.6502,6.134,2.014
11,55,2.2,4.225,3.05,desfavorable,invalid,exterior,-2.8758,6.338,2.055
11,57,2.2,4.225,3.05,desfavorable,invalid,exterior,-3.1079,6.538,2.095
11,59,2.2,4.225,3.05,desfavorable,invalid,exterior,-3.3451,6.731,2.133
11,61,2.2,4.225,3.05,desfavorable,invalid,exterior,-3.5848,6.918,2.168
11,63,2.2,4.225,3.05,desfavorable,invalid,exterior,-3.8226,7.096,2.202
11,65,2.2,4.225,3.05,desfavorable,invalid,exterior,-4.0505,7.266,2.233
11,67,2.2,4.225,3.05,desfavorable,invalid,exterior,-4.2552,7.426,2.263
11,69,2.2,4.225,3.05,desfavorable,invalid,exterior,-4.4135,7.575,2.29
11,71,2.2,4.225,3.05,desfavorable,invalid,exterior,-4.4848,7.713,2.314
11,73,2.2,4.225,3.05,desfavorable,invalid,exterior,-4.3956,7.84,2.337
11,75,2.2,4.225,3.05,desfavorable,invalid,exterior,-4.0071,7.954,2.357
11.2,15,2.2,4.225,3.05,desfavorable,invalid,exterior,-0.3574,2.628,1.028
11.2,17,2.2,4.225,3.05,desfavorable,invalid,secant,-0.2129,2.747,1.082
11.2,19,2.2,4.225,3.05,desfavorable,invalid,secant,-0.0674,2.878,1.138
11.2,21,2.2,4.225,3.05,favorable,valid,interior,0.0796,3.021,1.194
11.2,23,2.2,4.225,3.05,desfavorable,invalid,secant,-0.011,3.176,1.251
11.2,25,2.2,4.225,3.05,desfavorable,invalid,secant,-0.1618,3.342,1.308
11.2,27,2.2,4.225,3.05,desfavorable,invalid,exterior,-0.3149,3.518,1.365
11.2,29,2.2,4.225,3.05,desfavorable,invalid,exterior,-0.4709,3.703,1.422
11.2,31,2.2,4.225,3.05,desfavorable,invalid,exterior,-0.63,3.896,1.479
11.2,33,2.2,4.225,3.05,desfavorable,invalid,exterior,-0.7928,4.097,1.536
11.2,35,2.2,4.225,3.05,desfavorable,invalid,exterior,-0.9596,4.303,1.592
11.2,37,2.2,4.225,3.05,desfavorable,invalid,exterior,-1.1308,4.516,1.647
11.2,39,2.2,4.225,3.05,desfavorable,invalid,exterior,-1.307,4.732,1.701
11.2,41,2.2,4.225,3.05,desfavorable,invalid,exterior,-1.4887,4.952,1.754
11.2,43,2.2,4.225,3.05,desfavorable,invalid,exterior,-1.6763,5.174,1.806
11.2,45,2.2,4.225,3.05,desfavorable,invalid,exterior,-1.8704,5.397,1.856
11.2,47,2.2,4.225,3.05,desfavorable,invalid,exterior,-2.0715,5.62,1.905
11.2,49,2.2,4.225,3.05,desfavorable,invalid,exterior,-2.28,5.842,1.953
11.2,51,2.2,4.225,3.05,desfavorable,invalid,exterior,-2.4964,6.061,1.999
11.2,53,2.2,4.225,3.05,desfavorable,invalid,exterior,-2.7209,6.278,2.043
11.2,55,2.2,4.225,3.05,desfavorable,invalid,exterior,-2.9537,6.49,2.086
11.2,57,2.2,4.225,3.05,desfavorable,invalid,exterior,-3.1942,6.697,2.126
11.2,59,2.2,4.225,3.05,desfavorable,invalid,exterior,-3.4416,6.898,2.164
11.2,61,2.2,4.225,3.05,desfavorable,invalid,exterior,-3.6938,7.091,2.201
11.2,63,2.2,4.225,3.05,desfavorable,invalid,exterior,-3.9468,7.276,2.235
11.2,65,2.2,4.225,3.05,desfavorable,invalid,exterior,-4.1939,7.452,2.267
11.2,67,2.2,4.225,3.05,desfavorable,invalid,exterior,-4.4229,7.617,2.297
11.2,69,2.2,4.225,3.05,desfavorable,invalid,exterior,-4.6129,7.772,2.325
11.2,71,2.2,4.225,3.05,desfavorable,invalid,exterior,-4.7264,7.916,2.35
11.2,73,2.2,4.225,3.05,desfavorable,invalid,exterior,-4.6952,8.047,2.373
11.2,75,2.2,4.225,3.05,desfavorable,invalid,exterior,-4.3894,8.165,2.393
11.4,15,2.2,4.225,3.05,desfavorable,invalid,exterior,-0.3314,2.644,1.035
11.4,17,2.2,4.225,3.05,desfavorable,invalid,secant,-0.1864,2.766,1.091
11.4,19,2.2,4.225,3.05,desfavorable,invalid,secant,-0.0402,2.902,1.148
11.4,21,2.2,4.225,3.05,favorable,valid,concentric,0.1074,3.051,1.205
11.4,23,2.2,4.225,3.05,desfavorable,invalid,secant,-0.0397,3.211,1.263
11.4,25,2.2,4.225,3.05,desfavorable,invalid,secant,-0.1913,3.383,1.322
11.4,27,2.2,4.225,3.05,desfavorable,invalid,exterior,-0.3455,3.565,1.38
11.4,29,2.2,4.225,3.05,desfavorable,invalid,exterior,-0.5026,3.757,1.439
11.4,31,2.2,4.225,3.05,desfavorable,invalid,exterior,-0.6631,3.957,1.497
11.4,33,2.2,4.225,3.05,desfavorable,invalid,exterior,-0.8273,4.165,1.554
11.4,35,2.2,4.225,3.05,desfavorable,invalid,exterior,-0.9957,4.379,1.611
11.4,37,2.2,4.225,3.05,desfavorable,invalid,exterior,-1.1689,4.599,1.668
11.4,39,2.2,4.225,3.05,desfavorable,invalid,exterior,-1.3472,4.823,1.723
11.4,41,2.2,4.225,3.05,desfavorable,invalid,exterior,-1.5313,5.051,1.777
11.4,43,2.2,4.225,3.05,desfavorable,invalid,exterior,-1.7217,5.281,1.83
11.4,45,2.2,4.225,3.05,desfavorable,invalid,exterior,-1.9189,5.512,1.882
11.4,47,2.2,4.225,3.05,desfavorable,invalid,exterior,-2.1237,5.743,1.932
11.4,49,2.2,4.225,3.05,desfavorable,invalid,exterior,-2.3364,5.973,1.981
11.4,51,2.2,4.225,3.05,desfavorable,invalid,exterior,-2.5577,6.201,2.027
11.4,53,2.2,4.225,3.05,desfavorable,invalid,exterior,-2.788,6.425,2.073
11.4,55,2.2,4.225,3.05,desfavorable,invalid,exterior,-3.0275,6.645,2.116
11.4,57,2.2,4.225,3.05,desfavorable,invalid,exterior,-3.2761,6.859,2.157
11.4,59,2.2,4.225,3.05,desfavorable,invalid,exterior,-3.5332,7.067,2.196
11.4,61,2.2,4.225,3.05,desfavorable,invalid,exterior,-3.7971,7.267,2.234
11.4,63,2.2,4.225,3.05,desfavorable,invalid,exterior,-4.0646,7.459,2.269
11.4,65,2.2,4.225,3.05,desfavorable,invalid,exterior,-4.3298,7.641,2.301
11.4,67,2.2,4.225,3.05,desfavorable,invalid,exterior,-4.5819,7.813,2.332
11.4,69,2.2,4.225,3.05,desfavorable,invalid,exterior,-4.8019,7.973,2.36
11.4,71,2.2,4.225,3.05,desfavorable,invalid,exterior,-4.9555,8.122,2.386
11.4,73,2.2,4.225,3.05,desfavorable,invalid,exterior,-4.9792,8.258,2.409
11.4,75,2.2,4.225,3.05,desfavorable,invalid,exterior,-4.7518,8.38,2.43
11.6,15,2.2,4.225,3.05,desfavorable,invalid,exterior,-0.3067,2.659,1.042
11.6,17,2.2,4.225,3.05,desfavorable,invalid,secant,-0.1612,2.786,1.099
11.6,19,2.2,4.225,3.05,desfavorable,invalid,secant,-0.0145,2.927,1.157
11.6,21,2.2,4.225,3.05,favorable,valid,interior,0.0833,3.081,1.216
11.6,23,2.2,4.225,3.05,desfavorable,invalid,secant,-0.0669,3.247,1.276
11.6,25,2.2,4.225,3.05,desfavorable,invalid,secant,-0.2194,3.425,1.335
11.6,27,2.2,4.225,3.05,desfavorable,invalid,exterior,-0.3745,3.614,1.395
11.6,29,2.2,4.225,3.05,desfavorable,invalid,exterior,-0.5327,3.812,1.455
11.6,31,2.2,4.225,3.05,desfavorable,invalid,exterior,-0.6944,4.019,1.514
11.6,33,2.2,4.225,3.05,desfavorable,invalid,exterior,-0.86,4.234,1.573
11.6,35,2.2,4.225,3.05,desfavorable,invalid,exterior,-1.0301,4.456,1.631
11.6,37,2.2,4.225,3.05,desfavorable,invalid,exterior,-1.205,4.684,1.689
11.6,39,2.2,4.225,3.05,desfavorable,invalid,exterior,-1.3854,4.916,1.745
11.6,41,2.2,4.225,3.05,desfavorable,invalid,exterior,-1.5717,5.152,1.801
11.6,43,2.2,4.225,3.05,desfavorable,invalid,exterior,-1.7647,5.39,1.855
11.6,45,2.2,4.225,3.05,desfavorable,invalid,exterior,-1.965,5.629,1.907
11.6,47,2.2,4.225,3.05,desfavorable,invalid,exterior,-2.1732,5.868,1.959
11.6,49,2.2,4.225,3.05,desfavorable,invalid,exterior,-2.3899,6.106,2.008
11.6,51,2.2,4.225,3.05,desfavorable,invalid,exterior,-2.6159,6.342,2.056
11.6,53,2.2,4.225,3.05,desfavorable,invalid,exterior,-2.8516,6.574,2.102
11.6,55,2.2,4.225,3.05,desfavorable,invalid,exterior,-3.0975,6.802,2.146
11.6,57,2.2,4.225,3.05,desfavorable,invalid,exterior,-3.3537,7.024,2.188
11.6,59,2.2,4.225,3.05,desfavorable,invalid,exterior,-3.62,7.239,2.228
11.6,61,2.2,4.225,3.05,desfavorable,invalid,exterior,-3.8951,7.446,2.266
11.6,63,2.2,4.225,3.05,desfavorable,invalid,exterior,-4.1764,7.645,2.302
11.6,65,2.2,4.225,3.05,desfavorable,invalid,exterior,-4.4588,7.833,2.335
11.6,67,2.2,4.225,3.05,desfavorable,invalid,exterior,-4.7328,8.011,2.366
11.6,69,2.2,4.225,3.05,desfavorable,invalid,exterior,-4.9813,8.178,2.395
11.6,71,2.2,4.225,3.05,desfavorable,invalid,exterior,-5.1728,8.331,2.421
11.6,73,2.2,4.225,3.05,desfavorable,invalid,exterior,-5.2486,8.472,2.445
11.6,75,2.2,4.225,3.05,desfavorable,invalid,exterior,-5.0956,8.599,2.466
11.8,15,2.2,4.225,3.05,desfavorable,invalid,exterior,-0.2833,2.675,1.05
11.8,17,2.2,4.225,3.05,desfavorable,invalid,secant,-0.1373,2.807,1.108
11.8,19,2.2,4.225,3.05,favorable,valid,interior,0.01,2.952,1.167
11.8,21,2.2,4.225,3.05,favorable,valid,interior,0.0583,3.111,1.228
11.8,23,2.2,4.225,3.05,desfavorable,invalid,secant,-0.0927,3.283,1.288
11.8,25,2.2,4.225,3.05,desfavorable,invalid,exterior,-0.246,3.468,1.349
11.8,27,2.2,4.225,3.05,desfavorable,invalid,exterior,-0.4021,3.663,1.41
11.8,29,2.2,4.225,3.05,desfavorable,invalid,exterior,-0.5613,3.868,1.471
11.8,31,2.2,4.225,3.05,desfavorable,invalid,exterior,-0.7242,4.083,1.532
11.8,33,2.2,4.225,3.05,desfavorable,invalid,exterior,-0.8911,4.305,1.592
11.8,35,2.2,4.225,3.05,desfavorable,invalid,exterior,-1.0626,4.535,1.651
11.8,37,2.2,4.225,3.05,desfavorable,invalid,exterior,-1.2393,4.77,1.71
11.8,39,2.2,4.225,3.05,desfavorable,invalid,exterior,-1.4216,5.011,1.768
11.8,41,2.2,4.225,3.05,desfavorable,invalid,exterior,-1.6101,5.255,1.824
11.8,43,2.2,4.225,3.05,desfavorable,invalid,exterior,-1.8056,5.501,1.879
11.8,45,2.2,4.225,3.05,desfavorable,invalid,exterior,-2.0088,5.748,1.933
11.8,47,2.2,4.225,3.05,desfavorable,invalid,exterior,-2.2202,5.996,1.985
11.8,49,2.2,4.225,3.05,desfavorable,invalid,exterior,-2.4407,6.242,2.036
11.8,51,2.2,4.225,3.05,desfavorable,invalid,exterior,-2.6711,6.486,2.085
11.8,53,2.2,4.225,3.05,desfavorable,invalid,exterior,-2.912,6.726,2.132
11.8,55,2.2,4.225,3.05,desfavorable,invalid,exterior,-3.164,6.962,2.177
11.8,57,2.2,4.225,3.05,desfavorable,invalid,exterior,-3.4275,7.192,2.22
11.8,59,2.2,4.225,3.05,desfavorable,invalid,exterior,-3.7024,7.414,2.261
11.8,61,2.2,4.225,3.05,desfavorable,invalid,exterior,-3.9881,7.629,2.299
11.8,63,2.2,4.225,3.05,desfavorable,invalid,exterior,-4.2825,7.834,2.336
11.8,65,2.2,4.225,3.05,desfavorable,invalid,exterior,-4.5812,8.029,2.37
11.8,67,2.2,4.225,3.05,desfavorable,invalid,exterior,-4.8761,8.213,2.401
11.8,69,2.2,4.225,3.05,desfavorable,invalid,exterior,-5.1516,8.385,2.43
11.8,71,2.2,4.225,3.05,desfavorable,invalid,exterior,-5.3791,8.545,2.457
11.8,73,2.2,4.225,3.05,desfavorable,invalid,exterior,-5.5045,8.69,2.481
11.8,75,2.2,4.225,3.05,desfavorable,invalid,exterior,-5.4221,8.821,2.503
12,15,2.2,4.225,3.05,desfavorable,invalid,exterior,-0.261,2.692,1.057
12,17,2.2,4.225,3.05,desfavorable,invalid,secant,-0.1146,2.827,1.117
12,19,2.2,4.225,3.05,favorable,valid,interior,0.0333,2.978,1.177
12,21,2.2,4.225,3.05,favorable,valid,interior,0.0344,3.143,1.239
12,23,2.2,4.225,3.05,desfavorable,invalid,secant,-0.1172,3.321,1.301
12,25,2.2,4.225,3.05,desfavorable,invalid,exterior,-0.2713,3.511,1.363
12,27,2.2,4.225,3.05,desfavorable,invalid,exterior,-0.4283,3.713,1.425
12,29,2.2,4.225,3.05,desfavorable,invalid,exterior,-0.5885,3.925,1.488
12,31,2.2,4.225,3.05,desfavorable,invalid,exterior,-0.7525,4.147,1.549
12,33,2.2,4.225,3.05,desfavorable,invalid,exterior,-0.9207,4.377,1.611
12,35,2.2,4.225,3.05,desfavorable,invalid,exterior,-1.0936,4.615,1.672
12,37,2.2,4.225,3.05,desfavorable,invalid,exterior,-1.2719,4.858,1.731
12,39,2.2,4.225,3.05,desfavorable,invalid,exterior,-1.456,5.107,1.79
12,41,2.2,4.225,3.05,desfavorable,invalid,exterior,-1.6466,5.359,1.848
12,43,2.2,4.225,3.05,desfavorable,invalid,exterior,-1.8445,5.614,1.904
12,45,2.2,4.225,3.05,desfavorable,invalid,exterior,-2.0503,5.87,1.959
12,47,2.2,4.225,3.05,desfavorable,invalid,exterior,-2.2649,6.126,2.012
12,49,2.2,4.225,3.05,desfavorable,invalid,exterior,-2.489,6.38,2.064
12,51,2.2,4.225,3.05,desfavorable,invalid,exterior,-2.7236,6.633,2.113
12,53,2.2,4.225,3.05,desfavorable,invalid,exterior,-2.9693,6.881,2.161
12,55,2.2,4.225,3.05,desfavorable,invalid,exterior,-3.2271,7.125,2.207
12,57,2.2,4.225,3.05,desfavorable,invalid,exterior,-3.4975,7.362,2.251
12,59,2.2,4.225,3.05,desfavorable,invalid,exterior,-3.7808,7.593,2.293
12,61,2.2,4.225,3.05,desfavorable,invalid,exterior,-4.0766,7.814,2.332
12,63,2.2,4.225,3.05,desfavorable,invalid,exterior,-4.3833,8.027,2.369
12,65,2.2,4.225,3.05,desfavorable,invalid,exterior,-4.6976,8.229,2.404
12,67,2.2,4.225,3.05,desfavorable,invalid,exterior,-5.0122,8.419,2.436
12,69,2.2,4.225,3.05,desfavorable,invalid,exterior,-5.3134,8.597,2.466
12,71,2.2,4.225,3.05,desfavorable,invalid,exterior,-5.5752,8.762,2.493
12,73,2.2,4.225,3.05,desfavorable,invalid,exterior,-5.7476,8.912,2.518
12,75,2.2,4.225,3.05,desfavorable,invalid,exterior,-5.7324,9.048,2.54
12.2,15,2.2,4.225,3.05,desfavorable,invalid,tangent-exterior,-0.2398,2.708,1.065
12.2,17,2.2,4.225,3.05,desfavorable,invalid,secant,-0.0929,2.848,1.126
12.2,19,2.2,4.225,3.05,favorable,valid,interior,0.0554,3.004,1.187
12.2,21,2.2,4.225,3.05,favorable,valid,interior,0.0117,3.174,1.25
12.2,23,2.2,4.225,3.05,desfavorable,invalid,secant,-0.1405,3.358,1.313
12.2,25,2.2,4.225,3.05,desfavorable,invalid,exterior,-0.2954,3.555,1.377
12.2,27,2.2,4.225,3.05,desfavorable,invalid,exterior,-0.4532,3.764,1.441
12.2,29,2.2,4.225,3.05,desfavorable,invalid,exterior,-0.6143,3.983,1.504
12.2,31,2.2,4.225,3.05,desfavorable,invalid,exterior,-0.7794,4.212,1.567
12.2,33,2.2,4.225,3.05,desfavorable,invalid,exterior,-0.9488,4.45,1.63
12.2,35,2.2,4.225,3.05,desfavorable,invalid,exterior,-1.1231,4.696,1.692
12.2,37,2.2,4.225,3.05,desfavorable,invalid,exterior,-1.3029,4.948,1.753
12.2,39,2.2,4.225,3.05,desfavorable,invalid,exterior,-1.4887,5.204,1.813
12.2,41,2.2,4.225,3.05,desfavorable,invalid,exterior,-1.6813,5.465,1.871
12.2,43,2.2,4.225,3.05,desfavorable,invalid,exterior,-1.8815,5.728,1.929
12.2,45,2.2,4.225,3.05,desfavorable,invalid,exterior,-2.0899,5.993,1.985
12.2,47,2.2,4.225,3.05,desfavorable,invalid,exterior,-2.3074,6.258,2.039
12.2,49,2.2,4.225,3.05,desfavorable,invalid,exterior,-2.535,6.521,2.092
12.2,51,2.2,4.225,3.05,desfavorable,invalid,exterior,-2.7735,6.782,2.142
12.2,53,2.2,4.225,3.05,desfavorable,invalid,exterior,-3.0239,7.039,2.191
12.2,55,2.2,4.225,3.05,desfavorable,invalid,exterior,-3.2872,7.29,2.238
12.2,57,2.2,4.225,3.05,desfavorable,invalid,exterior,-3.5642,7.536,2.282
12.2,59,2.2,4.225,3.05,desfavorable,invalid,exterior,-3.8553,7.774,2.325
12.2,61,2.2,4.225,3.05,desfavorable,invalid,exterior,-4.1607,8.003,2.365
12.2,63,2.2,4.225,3.05,desfavorable,invalid,exterior,-4.4793,8.223,2.403
12.2,65,2.2,4.225,3.05,desfavorable,invalid,exterior,-4.8083,8.431,2.438
12.2,67,2.2,4.225,3.05,desfavorable,invalid,exterior,-5.1417,8.628,2.471
12.2,69,2.2,4.225,3.05,desfavorable,invalid,exterior,-5.4674,8.812,2.501
12.2,71,2.2,4.225,3.05,desfavorable,invalid,exterior,-5.7617,8.982,2.529
12.2,73,2.2,4.225,3.05,desfavorable,invalid,exterior,-5.979,9.138,2.554
12.2,75,2.2,4.225,3.05,desfavorable,invalid,exterior,-6.0276,9.278,2.577
12.4,15,2.2,4.225,3.05,desfavorable,invalid,secant,-0.2196,2.725,1.073
12.4,17,2.2,4.225,3.05,desfavorable,invalid,secant,-0.0724,2.87,1.134
12.4,19,2.2,4.225,3.05,favorable,valid,interior,0.0764,3.031,1.198
12.4,21,2.2,4.225,3.05,desfavorable,invalid,secant,-0.0099,3.206,1.262
12.4,23,2.2,4.225,3.05,desfavorable,invalid,secant,-0.1628,3.396,1.326
12.4,25,2.2,4.225,3.05,desfavorable,invalid,exterior,-0.3183,3.6,1.391
12.4,27,2.2,4.225,3.05,desfavorable,invalid,exterior,-0.4769,3.815,1.456
12.4,29,2.2,4.225,3.05,desfavorable,invalid,exterior,-0.6389,4.042,1.521
12.4,31,2.2,4.225,3.05,desfavorable,invalid,exterior,-0.805,4.279,1.585
12.4,33,2.2,4.225,3.05,desfavorable,invalid,exterior,-0.9756,4.525,1.649
12.4,35,2.2,4.225,3.05,desfavorable,invalid,exterior,-1.1511,4.778,1.712
12.4,37,2.2,4.225,3.05,desfavorable,invalid,exterior,-1.3324,5.038,1.774
12.4,39,2.2,4.225,3.05,desfavorable,invalid,exterior,-1.5199,5.304,1.835
12.4,41,2.2,4.225,3.05,desfavorable,invalid,exterior,-1.7144,5.573,1.895
12.4,43,2.2,4.225,3.05,desfavorable,invalid,exterior,-1.9167,5.845,1.954
12.4,45,2.2,4.225,3.05,desfavorable,invalid,exterior,-2.1275,6.118,2.011
12.4,47,2.2,4.225,3.05,desfavorable,invalid,exterior,-2.3479,6.392,2.066
12.4,49,2.2,4.225,3.05,desfavorable,invalid,exterior,-2.5787,6.664,2.12
12.4,51,2.2,4.225,3.05,desfavorable,invalid,exterior,-2.821,6.933,2.171
12.4,53,2.2,4.225,3.05,desfavorable,invalid,exterior,-3.0759,7.199,2.221
12.4,55,2.2,4.225,3.05,desfavorable,invalid,exterior,-3.3444,7.459,2.269
12.4,57,2.2,4.225,3.05,desfavorable,invalid,exterior,-3.6276,7.712,2.314
12.4,59,2.2,4.225,3.05,desfavorable,invalid,exterior,-3.9263,7.958,2.357
12.4,61,2.2,4.225,3.05,desfavorable,invalid,exterior,-4.2408,8.195,2.398
12.4,63,2.2,4.225,3.05,desfavorable,invalid,exterior,-4.5706,8.422,2.437
12.4,65,2.2,4.225,3.05,desfavorable,invalid,exterior,-4.9137,8.637,2.473
12.4,67,2.2,4.225,3.05,desfavorable,invalid,exterior,-5.265,8.84,2.506
12.4,69,2.2,4.225,3.05,desfavorable,invalid,exterior,-5.614,9.03,2.537
12.4,71,2.2,4.225,3.05,desfavorable,invalid,exterior,-5.9393,9.206,2.565
12.4,73,2.2,4.225,3.05,desfavorable,invalid,exterior,-6.1992,9.367,2.591
12.4,75,2.2,4.225,3.05,desfavorable,invalid,exterior,-6.3086,9.512,2.614
12.6,15,2.2,4.225,3.05,desfavorable,invalid,secant,-0.2004,2.742,1.08
12.6,17,2.2,4.225,3.05,desfavorable,invalid,secant,-0.0527,2.892,1.143
12.6,19,2.2,4.225,3.05,favorable,valid,interior,0.0965,3.058,1.208
12.6,21,2.2,4.225,3.05,desfavorable,invalid,secant,-0.0305,3.239,1.273
12.6,23,2.2,4.225,3.05,desfavorable,invalid,secant,-0.1839,3.435,1.339
12.6,25,2.2,4.225,3.05,desfavorable,invalid,exterior,-0.3401,3.645,1.405
12.6,27,2.2,4.225,3.05,desfavorable,invalid,exterior,-0.4995,3.868,1.471
12.6,29,2.2,4.225,3.05,desfavorable,invalid,exterior,-0.6624,4.102,1.537
12.6,31,2.2,4.225,3.05,desfavorable,invalid,exterior,-0.8294,4.346,1.603
12.6,33,2.2,4.225,3.05,desfavorable,invalid,exterior,-1.0011,4.6,1.668
12.6,35,2.2,4.225,3.05,desfavorable,invalid,exterior,-1.1779,4.862,1.732
12.6,37,2.2,4.225,3.05,desfavorable,invalid,exterior,-1.3605,5.131,1.796
12.6,39,2.2,4.225,3.05,desfavorable,invalid,exterior,-1.5496,5.405,1.858
12.6,41,2.2,4.225,3.05,desfavorable,invalid,exterior,-1.7459,5.683,1.919
12.6,43,2.2,4.225,3.05,desfavorable,invalid,exterior,-1.9502,5.964,1.979
12.6,45,2.2,4.225,3.05,desfavorable,invalid,exterior,-2.1634,6.246,2.037
12.6,47,2.2,4.225,3.05,desfavorable,invalid,exterior,-2.3864,6.528,2.093
12.6,49,2.2,4.225,3.05,desfavorable,invalid,exterior,-2.6204,6.809,2.148
12.6,51,2.2,4.225,3.05,desfavorable,invalid,exterior,-2.8663,7.087,2.2
12.6,53,2.2,4.225,3.05,desfavorable,invalid,exterior,-3.1254,7.361,2.251
12.6,55,2.2,4.225,3.05,desfavorable,invalid,exterior,-3.399,7.63,2.299
12.6,57,2.2,4.225,3.05,desfavorable,invalid,exterior,-3.6881,7.891,2.346
12.6,59,2.2,4.225,3.05,desfavorable,invalid,exterior,-3.9939,8.145,2.39
12.6,61,2.2,4.225,3.05,desfavorable,invalid,exterior,-4.3171,8.39,2.431
12.6,63,2.2,4.225,3.05,desfavorable,invalid,exterior,-4.6576,8.624,2.47
12.6,65,2.2,4.225,3.05,desfavorable,invalid,exterior,-5.0141,8.847,2.507
12.6,67,2.2,4.225,3.05,desfavorable,invalid,exterior,-5.3825,9.056,2.541
12.6,69,2.2,4.225,3.05,desfavorable,invalid,exterior,-5.7536,9.253,2.573
12.6,71,2.2,4.225,3.05,desfavorable,invalid,exterior,-6.1085,9.434,2.601
12.6,73,2.2,4.225,3.05,desfavorable,invalid,exterior,-6.409,9.6,2.627
12.6,75,2.2,4.225,3.05,desfavorable,invalid,exterior,-6.5763,9.75,2.65
12.8,15,2.2,4.225,3.05,desfavorable,invalid,secant,-0.1821,2.759,1.088
12.8,17,2.2,4.225,3.05,desfavorable,invalid,secant,-0.034,2.914,1.152
12.8,19,2.2,4.225,3.05,favorable,valid,interior,0.1016,3.085,1.218
12.8,21,2.2,4.225,3.05,desfavorable,invalid,secant,-0.0501,3.272,1.284
12.8,23,2.2,4.225,3.05,desfavorable,invalid,secant,-0.2041,3.475,1.352
12.8,25,2.2,4.225,3.05,desfavorable,invalid,exterior,-0.3609,3.691,1.419
12.8,27,2.2,4.225,3.05,desfavorable,invalid,exterior,-0.521,3.921,1.486
12.8,29,2.2,4.225,3.05,desfavorable,invalid,exterior,-0.6847,4.163,1.554
12.8,31,2.2,4.225,3.05,desfavorable,invalid,exterior,-0.8527,4.415,1.621
12.8,33,2.2,4.225,3.05,desfavorable,invalid,exterior,-1.0254,4.677,1.687
12.8,35,2.2,4.225,3.05,desfavorable,invalid,exterior,-1.2034,4.947,1.753
12.8,37,2.2,4.225,3.05,desfavorable,invalid,exterior,-1.3873,5.224,1.817
12.8,39,2.2,4.225,3.05,desfavorable,invalid,exterior,-1.5779,5.507,1.881
12.8,41,2.2,4.225,3.05,desfavorable,invalid,exterior,-1.7759,5.794,1.943
12.8,43,2.2,4.225,3.05,desfavorable,invalid,exterior,-1.9822,6.084,2.004
12.8,45,2.2,4.225,3.05,desfavorable,invalid,exterior,-2.1976,6.375,2.063
12.8,47,2.2,4.225,3.05,desfavorable,invalid,exterior,-2.4232,6.667,2.12
12.8,49,2.2,4.225,3.05,desfavorable,invalid,exterior,-2.6601,6.956,2.176
12.8,51,2.2,4.225,3.05,desfavorable,invalid,exterior,-2.9095,7.243,2.229
12.8,53,2.2,4.225,3.05,desfavorable,invalid,exterior,-3.1726,7.526,2.281
12.8,55,2.2,4.225,3.05,desfavorable,invalid,exterior,-3.4509,7.803,2.33
12.8,57,2.2,4.225,3.05,desfavorable,invalid,exterior,-3.7457,8.074,2.377
12.8,59,2.2,4.225,3.05,desfavorable,invalid,exterior,-4.0584,8.336,2.422
12.8,61,2.2,4.225,3.05,desfavorable,invalid,exterior,-4.3898,8.588,2.464
12.8,63,2.2,4.225,3.05,desfavorable,invalid,exterior,-4.7406,8.83,2.504
12.8,65,2.2,4.225,3.05,desfavorable,invalid,exterior,-5.1098,9.059,2.542
12.8,67,2.2,4.225,3.05,desfavorable,invalid,exterior,-5.4945,9.276,2.576
12.8,69,2.2,4.225,3.05,desfavorable,invalid,exterior,-5.8867,9.478,2.608
12.8,71,2.2,4.225,3.05,desfavorable,invalid,exterior,-6.2699,9.666,2.637
12.8,73,2.2,4.225,3.05,desfavorable,invalid,exterior,-6.609,9.837,2.664
12.8,75,2.2,4.225,3.05,desfavorable,invalid,exterior,-6.8316,9.991,2.688
13,15,2.2,4.225,3.05,desfavorable,invalid,secant,-0.1646,2.777,1.095
13,17,2.2,4.225,3.05,desfavorable,invalid,secant,-0.0162,2.936,1.161
13,19,2.2,4.225,3.05,favorable,valid,interior,0.0833,3.113,1.228
13,21,2.2,4.225,3.05,desfavorable,invalid,secant,-0.0688,3.306,1.296
13,23,2.2,4.225,3.05,desfavorable,invalid,secant,-0.2234,3.515,1.364
13,25,2.2,4.225,3.05,desfavorable,invalid,exterior,-0.3808,3.738,1.433
13,27,2.2,4.225,3.05,desfavorable,invalid,exterior,-0.5415,3.975,1.502
13,29,2.2,4.225,3.05,desfavorable,invalid,exterior,-0.7061,4.225,1.571
13,31,2.2,4.225,3.05,desfavorable,invalid,exterior,-0.8749,4.485,1.639
13,33,2.2,4.225,3.05,desfavorable,invalid,exterior,-1.0486,4.755,1.706
13,35,2.2,4.225,3.05,desfavorable,invalid,exterior,-1.2277,5.034,1.773
13,37,2.2,4.225,3.05,desfavorable,invalid,exterior,-1.4129,5.32,1.839
13,39,2.2,4.225,3.05,desfavorable,invalid,exterior,-1.6049,5.611,1.904
13,41,2.2,4.225,3.05,desfavorable,invalid,exterior,-1.8045,5.907,1.967
13,43,2.2,4.225,3.05,desfavorable,invalid,exterior,-2.0127,6.206,2.029
13,45,2.2,4.225,3.05,desfavorable,invalid,exterior,-2.2302,6.507,2.089
13,47,2.2,4.225,3.05,desfavorable,invalid,exterior,-2.4583,6.807,2.147
13,49,2.2,4.225,3.05,desfavorable,invalid,exterior,-2.698,7.106,2.204
13,51,2.2,4.225,3.05,desfavorable,invalid,exterior,-2.9507,7.402,2.258
13,53,2.2,4.225,3.05,desfavorable,invalid,exterior,-3.2177,7.694,2.311
13,55,2.2,4.225,3.05,desfavorable,invalid,exterior,-3.5005,7.98,2.361
13,57,2.2,4.225,3.05,desfavorable,invalid,exterior,-3.8008,8.259,2.409
13,59,2.2,4.225,3.05,desfavorable,invalid,exterior,-4.1199,8.529,2.455
13,61,2.2,4.225,3.05,desfavorable,invalid,exterior,-4.4592,8.789,2.498
13,63,2.2,4.225,3.05,desfavorable,invalid,exterior,-4.8197,9.038,2.538
13,65,2.2,4.225,3.05,desfavorable,invalid,exterior,-5.2012,9.275,2.576
13,67,2.2,4.225,3.05,desfavorable,invalid,exterior,-5.6014,9.499,2.611
13,69,2.2,4.225,3.05,desfavorable,invalid,exterior,-6.0138,9.707,2.644
13,71,2.2,4.225,3.05,desfavorable,invalid,exterior,-6.4238,9.901,2.674
13,73,2.2,4.225,3.05,desfavorable,invalid,exterior,-6.7999,10.077,2.701
13,75,2.2,4.225,3.05,desfavorable,invalid,exterior,-7.0752,10.237,2.725
13.2,15,2.2,4.225,3.05,desfavorable,invalid,secant,-0.1479,2.795,1.103
13.2,17,2.2,4.225,3.05,favorable,boundary,tangent-interior,0.0008,2.959,1.17
13.2,19,2.2,4.225,3.05,favorable,valid,interior,0.0659,3.141,1.238
13.2,21,2.2,4.225,3.05,desfavorable,invalid,secant,-0.0867,3.341,1.307
13.2,23,2.2,4.225,3.05,desfavorable,invalid,tangent-exterior,-0.2418,3.556,1.377
13.2,25,2.2,4.225,3.05,desfavorable,invalid,exterior,-0.3998,3.786,1.447
13.2,27,2.2,4.225,3.05,desfavorable,invalid,exterior,-0.5612,4.03,1.517
13.2,29,2.2,4.225,3.05,desfavorable,invalid,exterior,-0.7264,4.287,1.587
13.2,31,2.2,4.225,3.05,desfavorable,invalid,exterior,-0.8961,4.556,1.657
13.2,33,2.2,4.225,3.05,desfavorable,invalid,exterior,-1.0707,4.834,1.726
13.2,35,2.2,4.225,3.05,desfavorable,invalid,exterior,-1.2509,5.122,1.794
13.2,37,2.2,4.225,3.05,desfavorable,invalid,exterior,-1.4373,5.416,1.861
13.2,39,2.2,4.225,3.05,desfavorable,invalid,exterior,-1.6307,5.717,1.926
13.2,41,2.2,4.225,3.05,desfavorable,invalid,exterior,-1.8319,6.022,1.991
13.2,43,2.2,4.225,3.05,desfavorable,invalid,exterior,-2.0418,6.331,2.054
13.2,45,2.2,4.225,3.05,desfavorable,invalid,exterior,-2.2614,6.64,2.115
13.2,47,2.2,4.225,3.05,desfavorable,invalid,exterior,-2.4918,6.95,2.174
13.2,49,2.2,4.225,3.05,desfavorable,invalid,exterior,-2.7342,7.258,2.232
13.2,51,2.2,4.225,3.05,desfavorable,invalid,exterior,-2.99,7.564,2.287
13.2,53,2.2,4.225,3.05,desfavorable,invalid,exterior,-3.2607,7.864,2.341
13.2,55,2.2,4.225,3.05,desfavorable,invalid,exterior,-3.5479,8.159,2.392
13.2,57,2.2,4.225,3.05,desfavorable,invalid,exterior,-3.8533,8.446,2.441
13.2,59,2.2,4.225,3.05,desfavorable,invalid,exterior,-4.1786,8.725,2.487
13.2,61,2.2,4.225,3.05,desfavorable,invalid,exterior,-4.5255,8.993,2.531
13.2,63,2.2,4.225,3.05,desfavorable,invalid,exterior,-4.8953,9.25,2.572
13.2,65,2.2,4.225,3.05,desfavorable,invalid,exterior,-5.2884,9.495,2.611
13.2,67,2.2,4.225,3.05,desfavorable,invalid,exterior,-5.7034,9.725,2.647
13.2,69,2.2,4.225,3.05,desfavorable,invalid,exterior,-6.1351,9.94,2.68
13.2,71,2.2,4.225,3.05,desfavorable,invalid,exterior,-6.5708,10.139,2.71
13.2,73,2.2,4.225,3.05,desfavorable,invalid,exterior,-6.9822,10.322,2.737
13.2,75,2.2,4.225,3.05,desfavorable,invalid,exterior,-7.3077,10.486,2.762
13.4,15,2.2,4.225,3.05,desfavorable,invalid,secant,-0.1319,2.813,1.111
13.4,17,2.2,4.225,3.05,favorable,valid,interior,0.0171,2.982,1.179
13.4,19,2.2,4.225,3.05,favorable,valid,interior,0.0493,3.17,1.249
13.4,21,2.2,4.225,3.05,desfavorable,invalid,secant,-0.1038,3.375,1.319
13.4,23,2.2,4.225,3.05,desfavorable,invalid,exterior,-0.2593,3.597,1.39
13.4,25,2.2,4.225,3.05,desfavorable,invalid,exterior,-0.4179,3.835,1.461
13.4,27,2.2,4.225,3.05,desfavorable,invalid,exterior,-0.5799,4.086,1.533
13.4,29,2.2,4.225,3.05,desfavorable,invalid,exterior,-0.7459,4.351,1.604
13.4,31,2.2,4.225,3.05,desfavorable,invalid,exterior,-0.9164,4.628,1.675
13.4,33,2.2,4.225,3.05,desfavorable,invalid,exterior,-1.0919,4.915,1.745
13.4,35,2.2,4.225,3.05,desfavorable,invalid,exterior,-1.2731,5.211,1.814
13.4,37,2.2,4.225,3.05,desfavorable,invalid,exterior,-1.4607,5.515,1.882
13.4,39,2.2,4.225,3.05,desfavorable,invalid,exterior,-1.6554,5.825,1.949
13.4,41,2.2,4.225,3.05,desfavorable,invalid,exterior,-1.858,6.139,2.015
13.4,43,2.2,4.225,3.05,desfavorable,invalid,exterior,-2.0696,6.457,2.079
13.4,45,2.2,4.225,3.05,desfavorable,invalid,exterior,-2.2912,6.776,2.141
13.4,47,2.2,4.225,3.05,desfavorable,invalid,exterior,-2.5238,7.095,2.202
13.4,49,2.2,4.225,3.05,desfavorable,invalid,exterior,-2.7688,7.413,2.26
13.4,51,2.2,4.225,3.05,desfavorable,invalid,exterior,-3.0276,7.727,2.317
13.4,53,2.2,4.225,3.05,desfavorable,invalid,exterior,-3.3018,8.037,2.371
13.4,55,2.2,4.225,3.05,desfavorable,invalid,exterior,-3.5931,8.341,2.423
13.4,57,2.2,4.225,3.05,desfavorable,invalid,exterior,-3.9035,8.637,2.473
13.4,59,2.2,4.225,3.05,desfavorable,invalid,exterior,-4.2347,8.924,2.52
13.4,61,2.2,4.225,3.05,desfavorable,invalid,exterior,-4.5889,9.201,2.564
13.4,63,2.2,4.225,3.05,desfavorable,invalid,exterior,-4.9676,9.466,2.606
13.4,65,2.2,4.225,3.05,desfavorable,invalid,exterior,-5.3718,9.717,2.645
13.4,67,2.2,4.225,3.05,desfavorable,invalid,exterior,-5.8009,9.955,2.682
13.4,69,2.2,4.225,3.05,desfavorable,invalid,exterior,-6.251,10.177,2.716
13.4,71,2.2,4.225,3.05,desfavorable,invalid,exterior,-6.7113,10.382,2.746
13.4,73,2.2,4.225,3.05,desfavorable,invalid,exterior,-7.1563,10.57,2.774
13.4,75,2.2,4.225,3.05,desfavorable,invalid,exterior,-7.53,10.739,2.799
13.6,15,2.2,4.225,3.05,desfavorable,invalid,secant,-0.1167,2.831,1.119
13.6,17,2.2,4.225,3.05,favorable,valid,interior,0.0327,3.006,1.188
13.6,19,2.2,4.225,3.05,favorable,valid,interior,0.0333,3.199,1.259
13.6,21,2.2,4.225,3.05,desfavorable,invalid,secant,-0.1201,3.411,1.331
13.6,23,2.2,4.225,3.05,desfavorable,invalid,exterior,-0.2761,3.639,1.403
13.6,25,2.2,4.225,3.05,desfavorable,invalid,exterior,-0.4352,3.884,1.476
13.6,27,2.2,4.225,3.05,desfavorable,invalid,exterior,-0.5979,4.143,1.548
13.6,29,2.2,4.225,3.05,desfavorable,invalid,exterior,-0.7645,4.416,1.621
13.6,31,2.2,4.225,3.05,desfavorable,invalid,exterior,-0.9357,4.701,1.693
13.6,33,2.2,4.225,3.05,desfavorable,invalid,exterior,-1.1121,4.996,1.764
13.6,35,2.2,4.225,3.05,desfavorable,invalid,exterior,-1.2943,5.301,1.835
13.6,37,2.2,4.225,3.05,desfavorable,invalid,exterior,-1.483,5.614,1.904
13.6,39,2.2,4.225,3.05,desfavorable,invalid,exterior,-1.6789,5.934,1.972
13.6,41,2.2,4.225,3.05,desfavorable,invalid,exterior,-1.883,6.258,2.039
13.6,43,2.2,4.225,3.05,desfavorable,invalid,exterior,-2.0962,6.585,2.104
13.6,45,2.2,4.225,3.05,desfavorable,invalid,exterior,-2.3196,6.914,2.168
13.6,47,2.2,4.225,3.05,desfavorable,invalid,exterior,-2.5544,7.242,2.229
13.6,49,2.2,4.225,3.05,desfavorable,invalid,exterior,-2.8019,7.57,2.289
13.6,51,2.2,4.225,3.05,desfavorable,invalid,exterior,-3.0636,7.894,2.346
13.6,53,2.2,4.225,3.05,desfavorable,invalid,exterior,-3.3411,8.213,2.401
13.6,55,2.2,4.225,3.05,desfavorable,invalid,exterior,-3.6364,8.526,2.454
13.6,57,2.2,4.225,3.05,desfavorable,invalid,exterior,-3.9515,8.831,2.504
13.6,59,2.2,4.225,3.05,desfavorable,invalid,exterior,-4.2884,9.126,2.552
13.6,61,2.2,4.225,3.05,desfavorable,invalid,exterior,-4.6494,9.411,2.598
13.6,63,2.2,4.225,3.05,desfavorable,invalid,exterior,-5.0366,9.684,2.64
13.6,65,2.2,4.225,3.05,desfavorable,invalid,exterior,-5.4515,9.943,2.68
13.6,67,2.2,4.225,3.05,desfavorable,invalid,exterior,-5.8942,10.188,2.717
13.6,69,2.2,4.225,3.05,desfavorable,invalid,exterior,-6.3619,10.416,2.752
13.6,71,2.2,4.225,3.05,desfavorable,invalid,exterior,-6.8456,10.628,2.783
13.6,73,2.2,4.225,3.05,desfavorable,invalid,exterior,-7.3229,10.821,2.811
13.6,75,2.2,4.225,3.05,desfavorable,invalid,exterior,-7.7425,10.996,2.836
13.8,15,2.2,4.225,3.05,desfavorable,invalid,secant,-0.1021,2.85,1.126
13.8,17,2.2,4.225,3.05,favorable,valid,interior,0.0476,3.03,1.197
13.8,19,2.2,4.225,3.05,favorable,valid,interior,0.0181,3.229,1.269
13.8,21,2.2,4.225,3.05,desfavorable,invalid,secant,-0.1357,3.447,1.342
13.8,23,2.2,4.225,3.05,desfavorable,invalid,exterior,-0.2922,3.682,1.416
13.8,25,2.2,4.225,3.05,desfavorable,invalid,exterior,-0.4518,3.934,1.49
13.8,27,2.2,4.225,3.05,desfavorable,invalid,exterior,-0.615,4.201,1.564
13.8,29,2.2,4.225,3.05,desfavorable,invalid,exterior,-0.7823,4.481,1.638
13.8,31,2.2,4.225,3.05,desfavorable,invalid,exterior,-0.9543,4.775,1.711
13.8,33,2.2,4.225,3.05,desfavorable,invalid,exterior,-1.1315,5.079,1.784
13.8,35,2.2,4.225,3.05,desfavorable,invalid,exterior,-1.3146,5.393,1.855
13.8,37,2.2,4.225,3.05,desfavorable,invalid,exterior,-1.5043,5.715,1.926
13.8,39,2.2,4.225,3.05,desfavorable,invalid,exterior,-1.7015,6.044,1.995
13.8,41,2.2,4.225,3.05,desfavorable,invalid,exterior,-1.9069,6.378,2.063
13.8,43,2.2,4.225,3.05,desfavorable,invalid,exterior,-2.1217,6.715,2.129
13.8,45,2.2,4.225,3.05,desfavorable,invalid,exterior,-2.3469,7.053,2.194
13.8,47,2.2,4.225,3.05,desfavorable,invalid,exterior,-2.5837,7.392,2.256
13.8,49,2.2,4.225,3.05,desfavorable,invalid,exterior,-2.8335,7.729,2.317
13.8,51,2.2,4.225,3.05,desfavorable,invalid,exterior,-3.098,8.062,2.375
13.8,53,2.2,4.225,3.05,desfavorable,invalid,exterior,-3.3787,8.391,2.431
13.8,55,2.2,4.225,3.05,desfavorable,invalid,exterior,-3.6778,8.713,2.485
13.8,57,2.2,4.225,3.05,desfavorable,invalid,exterior,-3.9974,9.027,2.536
13.8,59,2.2,4.225,3.05,desfavorable,invalid,exterior,-4.3398,9.332,2.585
13.8,61,2.2,4.225,3.05,desfavorable,invalid,exterior,-4.7074,9.625,2.631
13.8,63,2.2,4.225,3.05,desfavorable,invalid,exterior,-5.1027,9.906,2.675
13.8,65,2.2,4.225,3.05,desfavorable,invalid,exterior,-5.5278,10.173,2.715
13.8,67,2.2,4.225,3.05,desfavorable,invalid,exterior,-5.9834,10.425,2.753
13.8,69,2.2,4.225,3.05,desfavorable,invalid,exterior,-6.468,10.66,2.787
13.8,71,2.2,4.225,3.05,desfavorable,invalid,exterior,-6.9741,10.878,2.819
13.8,73,2.2,4.225,3.05,desfavorable,invalid,exterior,-7.4822,11.077,2.848
13.8,75,2.2,4.225,3.05,desfavorable,invalid,exterior,-7.9459,11.256,2.874
14,15,2.2,4.225,3.05,desfavorable,invalid,secant,-0.0881,2.869,1.134
14,17,2.2,4.225,3.05,favorable,valid,interior,0.0618,3.054,1.206
14,19,2.2,4.225,3.05,favorable,valid,interior,0.0035,3.259,1.28
14,21,2.2,4.225,3.05,desfavorable,invalid,secant,-0.1507,3.483,1.354
14,23,2.2,4.225,3.05,desfavorable,invalid,exterior,-0.3076,3.725,1.429
14,25,2.2,4.225,3.05,desfavorable,invalid,exterior,-0.4677,3.984,1.504
14,27,2.2,4.225,3.05,desfavorable,invalid,exterior,-0.6314,4.259,1.58
14,29,2.2,4.225,3.05,desfavorable,invalid,exterior,-0.7994,4.548,1.655
14,31,2.2,4.225,3.05,desfavorable,invalid,exterior,-0.972,4.85,1.729
14,33,2.2,4.225,3.05,desfavorable,invalid,exterior,-1.15,5.163,1.803
14,35,2.2,4.225,3.05,desfavorable,invalid,exterior,-1.334,5.487,1.876
14,37,2.2,4.225,3.05,desfavorable,invalid,exterior,-1.5248,5.818,1.948
14,39,2.2,4.225,3.05,desfavorable,invalid,exterior,-1.7231,6.156,2.018
14,41,2.2,4.225,3.05,desfavorable,invalid,exterior,-1.9298,6.5,2.087
14,43,2.2,4.225,3.05,desfavorable,invalid,exterior,-2.1461,6.846,2.155
14,45,2.2,4.225,3.05,desfavorable,invalid,exterior,-2.373,7.195,2.22
14,47,2.2,4.225,3.05,desfavorable,invalid,exterior,-2.6117,7.543,2.284
14,49,2.2,4.225,3.05,desfavorable,invalid,exterior,-2.8638,7.89,2.345
14,51,2.2,4.225,3.05,desfavorable,invalid,exterior,-3.1309,8.233,2.405
14,53,2.2,4.225,3.05,desfavorable,invalid,exterior,-3.4147,8.572,2.462
14,55,2.2,4.225,3.05,desfavorable,invalid,exterior,-3.7175,8.903,2.516
14,57,2.2,4.225,3.05,desfavorable,invalid,exterior,-4.0414,9.227,2.568
14,59,2.2,4.225,3.05,desfavorable,invalid,exterior,-4.3889,9.54,2.618
14,61,2.2,4.225,3.05,desfavorable,invalid,exterior,-4.7629,9.842,2.665
14,63,2.2,4.225,3.05,desfavorable,invalid,exterior,-5.166,10.131,2.709
14,65,2.2,4.225,3.05,desfavorable,invalid,exterior,-5.6008,10.406,2.75
14,67,2.2,4.225,3.05,desfavorable,invalid,exterior,-6.0688,10.665,2.788
14,69,2.2,4.225,3.05,desfavorable,invalid,exterior,-6.5695,10.907,2.824
14,71,2.2,4.225,3.05,desfavorable,invalid,exterior,-7.0971,11.131,2.856
14,73,2.2,4.225,3.05,desfavorable,invalid,exterior,-7.6348,11.336,2.885
14,75,2.2,4.225,3.05,desfavorable,invalid,exterior,-8.1406,11.521,2.911